2018.06.13 09:03,73930.00000,73945.00000,73820.00000,73830.00000,986,2977
2018.06.13 09:04,73825.00000,73900.00000,73795.00000,73845.00000,1076,2819
2018.06.13 09:05,73845.00000,73845.00000,73765.00000,73805.00000,822,2171
2018.06.13 09:06,73815.00000,73875.00000,73805.00000,73870.00000,1352,3124
2018.06.13 09:07,73870.00000,73945.00000,73860.00000,73915.00000,1742,3802
2018.06.13 09:08,73915.00000,73940.00000,73870.00000,73880.00000,1170,2558
2018.06.13 09:09,73880.00000,73890.00000,73840.00000,73855.00000,975,2202
2018.06.13 09:10,73860.00000,73860.00000,73780.00000,73795.00000,1658,3967
2018.06.13 09:11,73795.00000,73805.00000,73650.00000,73675.00000,2983,6971
2018.06.13 09:12,73680.00000,73680.00000,73625.00000,73640.00000,2029,4611
2018.06.13 09:13,73645.00000,73705.00000,73630.00000,73660.00000,1492,3924
2018.06.13 09:14,73660.00000,73675.00000,73570.00000,73580.00000,2264,5295
2018.06.13 09:15,73575.00000,73600.00000,73530.00000,73555.00000,2547,5597
2018.06.13 09:16,73560.00000,73560.00000,73410.00000,73460.00000,4600,10464
2018.06.13 09:17,73460.00000,73505.00000,73405.00000,73425.00000,2900,6492
2018.06.13 09:18,73430.00000,73480.00000,73405.00000,73435.00000,1815,4235
2018.06.13 09:19,73440.00000,73530.00000,73435.00000,73470.00000,2909,5792
2018.06.13 09:20,73470.00000,73500.00000,73310.00000,73325.00000,5605,11241
2018.06.13 09:21,73325.00000,73420.00000,73320.00000,73375.00000,3411,7202
2018.06.13 09:22,73370.00000,73465.00000,73340.00000,73370.00000,4056,8406
2018.06.13 09:23,73365.00000,73405.00000,73325.00000,73370.00000,1855,4180
2018.06.13 09:24,73375.00000,73400.00000,73325.00000,73385.00000,1363,3099
2018.06.13 09:25,73390.00000,73445.00000,73360.00000,73410.00000,2066,4521
2018.06.13 09:26,73415.00000,73415.00000,73300.00000,73330.00000,1893,4763
2018.06.13 09:27,73340.00000,73340.00000,73220.00000,73290.00000,3068,8500
2018.06.13 09:28,73285.00000,73320.00000,73245.00000,73280.00000,902,2708
2018.06.13 09:29,73280.00000,73315.00000,73250.00000,73275.00000,598,2108
2018.06.13 09:30,73270.00000,73300.00000,73205.00000,73230.00000,1804,5114
2018.06.13 09:31,73230.00000,73235.00000,73125.00000,73145.00000,3102,7450
2018.06.13 09:32,73145.00000,73195.00000,73120.00000,73165.00000,2011,4950
2018.06.13 09:33,73165.00000,73240.00000,73145.00000,73225.00000,2582,5826
2018.06.13 09:34,73220.00000,73285.00000,73220.00000,73245.00000,2031,4796
2018.06.13 09:35,73245.00000,73360.00000,73240.00000,73330.00000,3722,7248
2018.06.13 09:36,73335.00000,73350.00000,73250.00000,73280.00000,2014,4272
2018.06.13 09:37,73280.00000,73290.00000,73205.00000,73260.00000,2868,5516
2018.06.13 09:38,73260.00000,73340.00000,73260.00000,73325.00000,1658,3557
2018.06.13 09:39,73320.00000,73400.00000,73320.00000,73340.00000,3185,7492
2018.06.13 09:40,73335.00000,73355.00000,73260.00000,73300.00000,2490,5531
2018.06.13 09:41,73300.00000,73390.00000,73295.00000,73365.00000,2012,4180
2018.06.13 09:42,73365.00000,73385.00000,73325.00000,73330.00000,1242,2366
2018.06.13 09:43,73335.00000,73370.00000,73300.00000,73360.00000,1448,3094
2018.06.13 09:44,73360.00000,73400.00000,73350.00000,73370.00000,1336,3180
2018.06.13 09:45,73370.00000,73385.00000,73355.00000,73370.00000,769,1687
2018.06.13 09:46,73370.00000,73395.00000,73370.00000,73380.00000,658,1716
2018.06.13 09:47,73375.00000,73380.00000,73360.00000,73365.00000,625,1663
2018.06.13 09:48,73370.00000,73425.00000,73340.00000,73385.00000,2879,6754
2018.06.13 09:49,73380.00000,73435.00000,73380.00000,73415.00000,2348,5392
2018.06.13 09:50,73415.00000,73530.00000,73405.00000,73515.00000,4557,10206
2018.06.13 09:51,73515.00000,73735.00000,73515.00000,73725.00000,5460,12494
2018.06.13 09:52,73730.00000,73745.00000,73665.00000,73670.00000,5253,11481
2018.06.13 09:53,73675.00000,73735.00000,73650.00000,73695.00000,3193,6940
2018.06.13 09:54,73700.00000,73725.00000,73635.00000,73655.00000,3009,6588
2018.06.13 09:55,73660.00000,73690.00000,73645.00000,73670.00000,1587,3428
2018.06.13 09:56,73670.00000,73710.00000,73660.00000,73695.00000,2073,4483
2018.06.13 09:57,73695.00000,73710.00000,73600.00000,73625.00000,2596,5516
2018.06.13 09:58,73625.00000,73650.00000,73585.00000,73625.00000,2691,5135
2018.06.13 09:59,73625.00000,73670.00000,73605.00000,73645.00000,2963,5792
2018.06.13 10:00,73650.00000,73700.00000,73550.00000,73560.00000,6370,12021
2018.06.13 10:01,73555.00000,73575.00000,73410.00000,73425.00000,5828,13283
2018.06.13 10:02,73425.00000,73430.00000,73360.00000,73390.00000,3671,8525
2018.06.13 10:03,73395.00000,73445.00000,73355.00000,73415.00000,3249,7058
2018.06.13 10:04,73420.00000,73500.00000,73380.00000,73490.00000,3937,8225
2018.06.13 10:05,73490.00000,73550.00000,73485.00000,73525.00000,2693,6407
2018.06.13 10:06,73530.00000,73540.00000,73470.00000,73500.00000,1488,3220
2018.06.13 10:07,73505.00000,73550.00000,73500.00000,73525.00000,1601,3384
2018.06.13 10:08,73525.00000,73530.00000,73180.00000,73225.00000,7914,17512
2018.06.13 10:09,73225.00000,73280.00000,73140.00000,73175.00000,6103,14906
2018.06.13 10:10,73170.00000,73270.00000,73170.00000,73245.00000,2853,7507
2018.06.13 10:11,73250.00000,73385.00000,73230.00000,73340.00000,4914,12088
2018.06.13 10:12,73335.00000,73355.00000,73205.00000,73240.00000,3770,10211
2018.06.13 10:13,73240.00000,73290.00000,73220.00000,73285.00000,1533,4265
2018.06.13 10:14,73290.00000,73295.00000,73200.00000,73265.00000,2224,5611
2018.06.13 10:15,73265.00000,73280.00000,73230.00000,73275.00000,1497,3653
2018.06.13 10:16,73270.00000,73415.00000,73265.00000,73370.00000,3681,9590
2018.06.13 10:17,73370.00000,73400.00000,73330.00000,73355.00000,1795,4671
2018.06.13 10:18,73350.00000,73435.00000,73305.00000,73390.00000,2481,6879
2018.06.13 10:19,73395.00000,73400.00000,73350.00000,73375.00000,1208,2779
2018.06.13 10:20,73375.00000,73425.00000,73300.00000,73405.00000,2914,7676
2018.06.13 10:21,73400.00000,73500.00000,73390.00000,73485.00000,3578,10068
2018.06.13 10:22,73480.00000,73535.00000,73430.00000,73530.00000,3316,8315
2018.06.13 10:23,73525.00000,73630.00000,73505.00000,73615.00000,4043,10483
2018.06.13 10:24,73615.00000,73700.00000,73580.00000,73585.00000,4112,11148
2018.06.13 10:25,73585.00000,73610.00000,73470.00000,73475.00000,2970,7184
2018.06.13 10:26,73475.00000,73585.00000,73470.00000,73565.00000,2888,7425
2018.06.13 10:27,73570.00000,73570.00000,73490.00000,73520.00000,1351,3339
2018.06.13 10:28,73520.00000,73535.00000,73400.00000,73400.00000,2180,6050
2018.06.13 10:29,73400.00000,73490.00000,73380.00000,73490.00000,2046,5703
2018.06.13 10:30,73485.00000,73550.00000,73375.00000,73380.00000,4055,12002
2018.06.13 10:31,73390.00000,73620.00000,73390.00000,73515.00000,4575,13400
2018.06.13 10:32,73510.00000,73540.00000,73405.00000,73430.00000,3042,8898
2018.06.13 10:33,73425.00000,73465.00000,73320.00000,73325.00000,3860,11552
2018.06.13 10:34,73325.00000,73380.00000,73225.00000,73250.00000,4639,12824
2018.06.13 10:35,73255.00000,73310.00000,73205.00000,73245.00000,3198,9041
2018.06.13 10:36,73245.00000,73280.00000,73120.00000,73120.00000,5107,15179
2018.06.13 10:37,73120.00000,73160.00000,73060.00000,73150.00000,6075,18695
2018.06.13 10:38,73150.00000,73230.00000,73135.00000,73180.00000,2737,8143
2018.06.13 10:39,73185.00000,73225.00000,73105.00000,73140.00000,2362,7677
2018.06.13 10:40,73135.00000,73140.00000,73030.00000,73080.00000,3695,11223
2018.06.13 10:41,73075.00000,73120.00000,73035.00000,73070.00000,2410,7809
2018.06.13 10:42,73075.00000,73110.00000,73010.00000,73110.00000,2892,8733
2018.06.13 10:43,73110.00000,73140.00000,73030.00000,73040.00000,2209,6193
2018.06.13 10:44,73040.00000,73070.00000,72975.00000,73015.00000,3073,9726
2018.06.13 10:45,73015.00000,73065.00000,72955.00000,73015.00000,3269,10428
2018.06.13 10:46,73010.00000,73110.00000,72975.00000,73080.00000,2412,7139
2018.06.13 10:47,73085.00000,73100.00000,72960.00000,73055.00000,2580,7465
2018.06.13 10:48,73050.00000,73070.00000,72980.00000,72995.00000,1259,3544
2018.06.13 10:49,73000.00000,73070.00000,72905.00000,72910.00000,3421,10044
2018.06.13 10:50,72905.00000,72970.00000,72860.00000,72885.00000,4177,11849
2018.06.13 10:51,72890.00000,72930.00000,72865.00000,72880.00000,1994,6081
2018.06.13 10:52,72880.00000,72900.00000,72820.00000,72855.00000,2734,7679
2018.06.13 10:53,72860.00000,72875.00000,72775.00000,72790.00000,2756,8370
2018.06.13 10:54,72795.00000,72845.00000,72745.00000,72750.00000,2282,6941
2018.06.13 10:55,72755.00000,72795.00000,72715.00000,72725.00000,2408,7388
2018.06.13 10:56,72725.00000,72750.00000,72650.00000,72710.00000,3694,12250
2018.06.13 10:57,72705.00000,72835.00000,72690.00000,72770.00000,3763,11935
2018.06.13 10:58,72775.00000,72845.00000,72765.00000,72780.00000,1614,5034
2018.06.13 10:59,72775.00000,72890.00000,72765.00000,72820.00000,2157,7084
2018.06.13 11:00,72820.00000,72875.00000,72800.00000,72830.00000,1886,6348
2018.06.13 11:01,72825.00000,72860.00000,72775.00000,72785.00000,1530,4771
2018.06.13 11:02,72790.00000,72835.00000,72720.00000,72810.00000,2751,7901
2018.06.13 11:03,72805.00000,72830.00000,72710.00000,72725.00000,1878,6003
2018.06.13 11:04,72720.00000,72875.00000,72720.00000,72850.00000,2450,8260
2018.06.13 11:05,72845.00000,72860.00000,72760.00000,72780.00000,1428,4954
2018.06.13 11:06,72785.00000,72870.00000,72760.00000,72850.00000,1327,4159
2018.06.13 11:07,72855.00000,72890.00000,72790.00000,72805.00000,1776,5515
2018.06.13 11:08,72810.00000,72880.00000,72780.00000,72845.00000,1134,3750
2018.06.13 11:09,72840.00000,72845.00000,72790.00000,72815.00000,861,3039
2018.06.13 11:10,72810.00000,72830.00000,72725.00000,72775.00000,2323,7016
2018.06.13 11:11,72770.00000,72855.00000,72770.00000,72810.00000,1486,4936
2018.06.13 11:12,72810.00000,72845.00000,72785.00000,72810.00000,735,2482
2018.06.13 11:13,72805.00000,72810.00000,72670.00000,72710.00000,2745,9056
2018.06.13 11:14,72715.00000,72725.00000,72625.00000,72715.00000,4813,15505
2018.06.13 11:15,72710.00000,72815.00000,72690.00000,72795.00000,2542,8314
2018.06.13 11:16,72790.00000,72845.00000,72775.00000,72785.00000,1583,5869
2018.06.13 11:17,72780.00000,72815.00000,72755.00000,72805.00000,1038,3578
2018.06.13 11:18,72805.00000,72815.00000,72730.00000,72800.00000,1242,4182
2018.06.13 11:19,72795.00000,72825.00000,72730.00000,72750.00000,1347,4328
2018.06.13 11:20,72750.00000,72775.00000,72655.00000,72685.00000,2348,7654
2018.06.13 11:21,72685.00000,72750.00000,72665.00000,72710.00000,1667,5828
2018.06.13 11:22,72710.00000,72785.00000,72675.00000,72760.00000,1677,5104
2018.06.13 11:23,72765.00000,72820.00000,72750.00000,72790.00000,1494,4634
2018.06.13 11:24,72785.00000,72790.00000,72725.00000,72730.00000,1067,3720
2018.06.13 11:25,72730.00000,72745.00000,72685.00000,72700.00000,1090,3755
2018.06.13 11:26,72695.00000,72745.00000,72665.00000,72725.00000,1226,4290
2018.06.13 11:27,72725.00000,72740.00000,72650.00000,72665.00000,1806,5773
2018.06.13 11:28,72665.00000,72680.00000,72615.00000,72655.00000,2265,6806
2018.06.13 11:29,72650.00000,72790.00000,72650.00000,72765.00000,2666,8606
2018.06.13 11:30,72770.00000,72965.00000,72770.00000,72960.00000,7247,21593
2018.06.13 11:31,72955.00000,73025.00000,72910.00000,72990.00000,3400,10149
2018.06.13 11:32,72985.00000,73050.00000,72965.00000,73020.00000,2684,8547
2018.06.13 11:33,73020.00000,73065.00000,72995.00000,73035.00000,1807,6078
2018.06.13 11:34,73035.00000,73055.00000,72935.00000,72965.00000,2562,7458
2018.06.13 11:35,72960.00000,73095.00000,72960.00000,73055.00000,2175,7270
2018.06.13 11:36,73055.00000,73065.00000,72970.00000,73020.00000,1400,4310
2018.06.13 11:37,73020.00000,73020.00000,72905.00000,72945.00000,2173,7569
2018.06.13 11:38,72945.00000,72950.00000,72865.00000,72885.00000,1954,6564
2018.06.13 11:39,72880.00000,72910.00000,72850.00000,72870.00000,1582,5471
2018.06.13 11:40,72870.00000,72945.00000,72850.00000,72920.00000,1732,5621
2018.06.13 11:41,72920.00000,72960.00000,72875.00000,72895.00000,1617,5326
2018.06.13 11:42,72890.00000,72920.00000,72860.00000,72900.00000,853,2990
2018.06.13 11:43,72905.00000,72945.00000,72860.00000,72865.00000,1160,3478
2018.06.13 11:44,72870.00000,72900.00000,72820.00000,72835.00000,3003,9553
2018.06.13 11:45,72835.00000,72855.00000,72785.00000,72840.00000,1941,6040
2018.06.13 11:46,72840.00000,72900.00000,72820.00000,72865.00000,1834,6113
2018.06.13 11:47,72860.00000,72880.00000,72820.00000,72835.00000,837,3039
2018.06.13 11:48,72835.00000,72855.00000,72785.00000,72830.00000,1568,5527
2018.06.13 11:49,72830.00000,72850.00000,72770.00000,72825.00000,1283,4209
2018.06.13 11:50,72830.00000,72880.00000,72790.00000,72830.00000,1336,4677
2018.06.13 11:51,72830.00000,72900.00000,72825.00000,72850.00000,1281,4114
2018.06.13 11:52,72845.00000,72925.00000,72790.00000,72910.00000,1940,6072
2018.06.13 11:53,72915.00000,73015.00000,72880.00000,72980.00000,3142,10505
2018.06.13 11:54,72975.00000,73070.00000,72970.00000,73040.00000,2681,8514
2018.06.13 11:55,73045.00000,73090.00000,73000.00000,73070.00000,2002,5950
2018.06.13 11:56,73070.00000,73070.00000,73010.00000,73025.00000,1321,4211
2018.06.13 11:57,73030.00000,73060.00000,72955.00000,72990.00000,2142,6383
2018.06.13 11:58,72995.00000,73000.00000,72925.00000,72935.00000,1337,5084
2018.06.13 11:59,72930.00000,73015.00000,72925.00000,73005.00000,1157,3682
2018.06.13 12:00,73005.00000,73140.00000,73005.00000,73130.00000,4069,13499
2018.06.13 12:01,73130.00000,73190.00000,73090.00000,73170.00000,2450,8315
2018.06.13 12:02,73170.00000,73180.00000,73100.00000,73115.00000,1454,4469
2018.06.13 12:03,73115.00000,73120.00000,73055.00000,73060.00000,1067,3010
2018.06.13 12:04,73065.00000,73075.00000,73025.00000,73055.00000,948,3412
2018.06.13 12:05,73060.00000,73080.00000,72940.00000,72970.00000,2298,8003
2018.06.13 12:06,72965.00000,73005.00000,72925.00000,72995.00000,1909,6138
2018.06.13 12:07,72995.00000,73005.00000,72875.00000,72940.00000,2109,7157
2018.06.13 12:08,72935.00000,72980.00000,72905.00000,72970.00000,1010,3741
2018.06.13 12:09,72970.00000,72990.00000,72915.00000,72940.00000,909,2750
2018.06.13 12:10,72940.00000,73055.00000,72935.00000,73030.00000,2107,7562
2018.06.13 12:11,73035.00000,73045.00000,72990.00000,73025.00000,1051,2895
2018.06.13 12:12,73025.00000,73035.00000,72995.00000,73025.00000,593,1577
2018.06.13 12:13,73025.00000,73070.00000,72985.00000,73000.00000,1268,4546
2018.06.13 12:14,73010.00000,73060.00000,72995.00000,73025.00000,643,2037
2018.06.13 12:15,73030.00000,73140.00000,73020.00000,73135.00000,1856,6039
2018.06.13 12:16,73135.00000,73150.00000,73110.00000,73135.00000,995,3384
2018.06.13 12:17,73135.00000,73165.00000,73095.00000,73120.00000,1238,3966
2018.06.13 12:18,73115.00000,73115.00000,73030.00000,73050.00000,1373,4780
2018.06.13 12:19,73045.00000,73075.00000,73035.00000,73045.00000,597,2081
2018.06.13 12:20,73045.00000,73065.00000,73010.00000,73035.00000,775,2522
2018.06.13 12:21,73035.00000,73040.00000,72990.00000,73030.00000,845,2801
2018.06.13 12:22,73030.00000,73080.00000,73030.00000,73065.00000,792,2623
2018.06.13 12:23,73060.00000,73070.00000,72990.00000,72990.00000,976,3670
2018.06.13 12:24,72995.00000,73015.00000,72950.00000,72980.00000,1465,4342
2018.06.13 12:25,72975.00000,73000.00000,72920.00000,72945.00000,1344,4256
2018.06.13 12:26,72940.00000,72960.00000,72920.00000,72955.00000,658,2209
2018.06.13 12:27,72950.00000,73020.00000,72925.00000,73000.00000,1137,3407
2018.06.13 12:28,72995.00000,73045.00000,72985.00000,73040.00000,885,2958
2018.06.13 12:29,73040.00000,73045.00000,73005.00000,73005.00000,470,1574
2018.06.13 12:30,73005.00000,73080.00000,72995.00000,73055.00000,1219,4138
2018.06.13 12:31,73055.00000,73115.00000,73035.00000,73080.00000,1024,3050
2018.06.13 12:32,73075.00000,73125.00000,73075.00000,73110.00000,844,2804
2018.06.13 12:33,73110.00000,73110.00000,73075.00000,73090.00000,566,1898
2018.06.13 12:34,73090.00000,73135.00000,73085.00000,73130.00000,885,2478
2018.06.13 12:35,73135.00000,73145.00000,73090.00000,73100.00000,623,2000
2018.06.13 12:36,73100.00000,73160.00000,73075.00000,73095.00000,1461,4936
2018.06.13 12:37,73100.00000,73115.00000,73080.00000,73105.00000,487,1718
2018.06.13 12:38,73105.00000,73105.00000,73065.00000,73085.00000,626,2219
2018.06.13 12:39,73085.00000,73220.00000,73085.00000,73190.00000,2584,8218
2018.06.13 12:40,73185.00000,73225.00000,73175.00000,73185.00000,1136,3500
2018.06.13 12:41,73185.00000,73215.00000,73155.00000,73155.00000,900,3236
2018.06.13 12:42,73155.00000,73190.00000,73150.00000,73175.00000,679,2054
2018.06.13 12:43,73175.00000,73205.00000,73150.00000,73155.00000,746,2304
2018.06.13 12:44,73155.00000,73185.00000,73145.00000,73150.00000,525,1640
2018.06.13 12:45,73150.00000,73150.00000,73130.00000,73135.00000,510,1556
2018.06.13 12:46,73135.00000,73135.00000,73080.00000,73095.00000,1455,4515
2018.06.13 12:47,73095.00000,73115.00000,73075.00000,73080.00000,579,2104
2018.06.13 12:48,73090.00000,73155.00000,73075.00000,73150.00000,1059,4103
2018.06.13 12:49,73150.00000,73160.00000,73120.00000,73160.00000,642,2149
2018.06.13 12:50,73160.00000,73185.00000,73145.00000,73170.00000,858,2933
2018.06.13 12:51,73170.00000,73200.00000,73150.00000,73155.00000,792,2534
2018.06.13 12:52,73150.00000,73170.00000,73125.00000,73155.00000,675,2229
2018.06.13 12:53,73150.00000,73210.00000,73135.00000,73185.00000,870,2587
2018.06.13 12:54,73190.00000,73205.00000,73145.00000,73150.00000,673,1706
2018.06.13 12:55,73145.00000,73160.00000,73125.00000,73135.00000,601,1936
2018.06.13 12:56,73140.00000,73155.00000,73120.00000,73135.00000,383,1364
2018.06.13 12:57,73140.00000,73160.00000,73125.00000,73125.00000,296,904
2018.06.13 12:58,73125.00000,73180.00000,73120.00000,73175.00000,677,2116
2018.06.13 12:59,73170.00000,73180.00000,73140.00000,73155.00000,485,1427
2018.06.13 13:00,73155.00000,73175.00000,73105.00000,73105.00000,964,3424
2018.06.13 13:01,73100.00000,73105.00000,72985.00000,73010.00000,2967,9580
2018.06.13 13:02,73010.00000,73010.00000,72930.00000,72960.00000,1619,5713
2018.06.13 13:03,72960.00000,72985.00000,72950.00000,72985.00000,735,2509
2018.06.13 13:04,72985.00000,73060.00000,72965.00000,73035.00000,1295,4027
2018.06.13 13:05,73030.00000,73060.00000,73015.00000,73040.00000,921,2827
2018.06.13 13:06,73045.00000,73060.00000,73010.00000,73035.00000,705,2383
2018.06.13 13:07,73040.00000,73050.00000,73015.00000,73045.00000,518,1563
2018.06.13 13:08,73045.00000,73060.00000,73020.00000,73035.00000,358,1486
2018.06.13 13:09,73035.00000,73050.00000,73020.00000,73030.00000,276,817
2018.06.13 13:10,73025.00000,73030.00000,72970.00000,72985.00000,1075,3346
2018.06.13 13:11,72990.00000,73070.00000,72980.00000,73055.00000,1164,4578
2018.06.13 13:12,73050.00000,73215.00000,73050.00000,73190.00000,2667,8179
2018.06.13 13:13,73195.00000,73245.00000,73180.00000,73205.00000,2197,6604
2018.06.13 13:14,73205.00000,73230.00000,73190.00000,73205.00000,586,2182
2018.06.13 13:15,73205.00000,73245.00000,73185.00000,73200.00000,828,3179
2018.06.13 13:16,73195.00000,73210.00000,73170.00000,73180.00000,804,2550
2018.06.13 13:17,73180.00000,73185.00000,73130.00000,73150.00000,837,2826
2018.06.13 13:18,73150.00000,73210.00000,73110.00000,73180.00000,2362,8059
2018.06.13 13:19,73180.00000,73220.00000,73065.00000,73070.00000,1953,6212
2018.06.13 13:20,73075.00000,73075.00000,72970.00000,72990.00000,2045,6691
2018.06.13 13:21,72985.00000,73045.00000,72960.00000,73020.00000,1210,4551
2018.06.13 13:22,73025.00000,73055.00000,72980.00000,73050.00000,883,2939
2018.06.13 13:23,73055.00000,73075.00000,73040.00000,73065.00000,794,2501
2018.06.13 13:24,73060.00000,73095.00000,73035.00000,73085.00000,721,2329
2018.06.13 13:25,73090.00000,73115.00000,73065.00000,73110.00000,719,2002
2018.06.13 13:26,73110.00000,73120.00000,73045.00000,73100.00000,866,2846
2018.06.13 13:27,73100.00000,73110.00000,73080.00000,73085.00000,441,1261
2018.06.13 13:28,73080.00000,73085.00000,73020.00000,73035.00000,771,2731
2018.06.13 13:29,73035.00000,73130.00000,73035.00000,73095.00000,1262,4868
2018.06.13 13:30,73090.00000,73125.00000,73065.00000,73105.00000,628,1997
2018.06.13 13:31,73110.00000,73110.00000,73070.00000,73075.00000,424,1232
2018.06.13 13:32,73075.00000,73110.00000,73050.00000,73095.00000,590,1850
2018.06.13 13:33,73090.00000,73110.00000,73080.00000,73110.00000,198,510
2018.06.13 13:34,73110.00000,73130.00000,73085.00000,73085.00000,659,2534
2018.06.13 13:35,73085.00000,73100.00000,73050.00000,73065.00000,837,2629
2018.06.13 13:36,73060.00000,73075.00000,73030.00000,73040.00000,549,1582
2018.06.13 13:37,73045.00000,73090.00000,73040.00000,73065.00000,622,1911
2018.06.13 13:38,73070.00000,73070.00000,73005.00000,73005.00000,842,2275
2018.06.13 13:39,73005.00000,73040.00000,73005.00000,73025.00000,434,1399
2018.06.13 13:40,73030.00000,73030.00000,72960.00000,72980.00000,1031,3642
2018.06.13 13:41,72980.00000,73065.00000,72980.00000,73015.00000,1024,3155
2018.06.13 13:42,73010.00000,73025.00000,72980.00000,73010.00000,567,1786
2018.06.13 13:43,73005.00000,73020.00000,72945.00000,72975.00000,1125,3459
2018.06.13 13:44,72975.00000,73040.00000,72970.00000,72995.00000,784,2294
2018.06.13 13:45,72995.00000,72995.00000,72880.00000,72895.00000,2906,9058
2018.06.13 13:46,72895.00000,72935.00000,72840.00000,72855.00000,1922,5894
2018.06.13 13:47,72860.00000,72915.00000,72860.00000,72890.00000,902,2858
2018.06.13 13:48,72885.00000,72890.00000,72825.00000,72835.00000,1352,4598
2018.06.13 13:49,72840.00000,72860.00000,72825.00000,72855.00000,814,2659
2018.06.13 13:50,72845.00000,72850.00000,72770.00000,72805.00000,1764,5872
2018.06.13 13:51,72805.00000,72880.00000,72760.00000,72855.00000,2236,7755
2018.06.13 13:52,72855.00000,72865.00000,72780.00000,72795.00000,1209,3655
2018.06.13 13:53,72795.00000,72800.00000,72735.00000,72760.00000,1364,4344
2018.06.13 13:54,72760.00000,72765.00000,72660.00000,72710.00000,2078,7592
2018.06.13 13:55,72710.00000,72720.00000,72555.00000,72600.00000,3419,13151
2018.06.13 13:56,72600.00000,72630.00000,72475.00000,72495.00000,3306,11935
2018.06.13 13:57,72490.00000,72520.00000,72410.00000,72485.00000,3110,10329
2018.06.13 13:58,72485.00000,72485.00000,72380.00000,72420.00000,2211,8023
2018.06.13 13:59,72415.00000,72450.00000,72345.00000,72345.00000,1780,6748
2018.06.13 14:00,72350.00000,72385.00000,72260.00000,72260.00000,2587,9173
2018.06.13 14:01,72265.00000,72285.00000,72090.00000,72095.00000,3716,14357
2018.06.13 14:02,72095.00000,72250.00000,72070.00000,72205.00000,3024,10990
2018.06.13 14:03,72205.00000,72235.00000,72150.00000,72150.00000,1409,5043
2018.06.13 14:04,72145.00000,72240.00000,72140.00000,72170.00000,1271,3955
2018.06.13 14:05,72165.00000,72185.00000,72070.00000,72125.00000,2217,7942
2018.06.13 14:06,72120.00000,72140.00000,71980.00000,72040.00000,3680,12914
2018.06.13 14:07,72035.00000,72165.00000,72025.00000,72115.00000,1680,6011
2018.06.13 14:08,72120.00000,72185.00000,72060.00000,72075.00000,2421,9148
2018.06.13 14:09,72075.00000,72100.00000,71965.00000,71965.00000,1911,7806
2018.06.13 14:10,71960.00000,72080.00000,71955.00000,72050.00000,1760,6264
2018.06.13 14:11,72050.00000,72075.00000,71925.00000,71965.00000,2280,7863
2018.06.13 14:12,71960.00000,72110.00000,71940.00000,72000.00000,2507,9066
2018.06.13 14:13,72000.00000,72050.00000,71955.00000,71965.00000,1587,5150
2018.06.13 14:14,71965.00000,72080.00000,71940.00000,72050.00000,1679,5848
2018.06.13 14:15,72050.00000,72155.00000,72020.00000,72080.00000,2614,8007
2018.06.13 14:16,72085.00000,72150.00000,72055.00000,72130.00000,1511,4922
2018.06.13 14:17,72125.00000,72170.00000,72090.00000,72130.00000,1641,5554
2018.06.13 14:18,72140.00000,72235.00000,72140.00000,72165.00000,2394,9226
2018.06.13 14:19,72165.00000,72245.00000,72150.00000,72230.00000,1461,4802
2018.06.13 14:20,72230.00000,72285.00000,72215.00000,72265.00000,1726,5707
2018.06.13 14:21,72265.00000,72390.00000,72260.00000,72350.00000,3082,11395
2018.06.13 14:22,72350.00000,72475.00000,72320.00000,72460.00000,3171,11468
2018.06.13 14:23,72465.00000,72490.00000,72370.00000,72385.00000,2730,8467
2018.06.13 14:24,72385.00000,72390.00000,72305.00000,72310.00000,1971,5784
2018.06.13 14:25,72310.00000,72345.00000,72260.00000,72275.00000,1975,6226
2018.06.13 14:26,72275.00000,72370.00000,72265.00000,72270.00000,1538,5424
2018.06.13 14:27,72265.00000,72290.00000,72215.00000,72225.00000,1711,5033
2018.06.13 14:28,72220.00000,72285.00000,72185.00000,72255.00000,1870,6479
2018.06.13 14:29,72260.00000,72300.00000,72235.00000,72245.00000,1082,3918
2018.06.13 14:30,72240.00000,72290.00000,72215.00000,72240.00000,938,3354
2018.06.13 14:31,72240.00000,72250.00000,72205.00000,72215.00000,699,2791
2018.06.13 14:32,72215.00000,72245.00000,72175.00000,72210.00000,1401,5109
2018.06.13 14:33,72205.00000,72325.00000,72185.00000,72310.00000,1734,5982
2018.06.13 14:34,72305.00000,72315.00000,72220.00000,72250.00000,1348,5072
2018.06.13 14:35,72250.00000,72260.00000,72200.00000,72215.00000,969,3275
2018.06.13 14:36,72215.00000,72240.00000,72140.00000,72185.00000,1888,6633
2018.06.13 14:37,72185.00000,72270.00000,72165.00000,72255.00000,1345,5055
2018.06.13 14:38,72250.00000,72270.00000,72165.00000,72180.00000,1074,4088
2018.06.13 14:39,72180.00000,72235.00000,72160.00000,72180.00000,1053,3861
2018.06.13 14:40,72175.00000,72225.00000,72130.00000,72130.00000,1188,4155
2018.06.13 14:41,72130.00000,72210.00000,72110.00000,72150.00000,1263,4850
2018.06.13 14:42,72150.00000,72165.00000,72060.00000,72070.00000,1704,6146
2018.06.13 14:43,72070.00000,72175.00000,72030.00000,72155.00000,2681,9356
2018.06.13 14:44,72155.00000,72295.00000,72155.00000,72265.00000,1875,6143
2018.06.13 14:45,72270.00000,72335.00000,72240.00000,72260.00000,2280,8351
2018.06.13 14:46,72260.00000,72390.00000,72250.00000,72370.00000,1677,5157
2018.06.13 14:47,72375.00000,72425.00000,72325.00000,72335.00000,2130,7241
2018.06.13 14:48,72335.00000,72355.00000,72275.00000,72285.00000,1133,3823
2018.06.13 14:49,72280.00000,72340.00000,72280.00000,72335.00000,753,2633
2018.06.13 14:50,72335.00000,72375.00000,72325.00000,72340.00000,925,3193
2018.06.13 14:51,72340.00000,72410.00000,72285.00000,72400.00000,1283,4009
2018.06.13 14:52,72395.00000,72405.00000,72295.00000,72330.00000,1255,4345
2018.06.13 14:53,72330.00000,72440.00000,72320.00000,72390.00000,1030,3712
2018.06.13 14:54,72395.00000,72465.00000,72385.00000,72460.00000,1127,4118
2018.06.13 14:55,72455.00000,72545.00000,72385.00000,72525.00000,2133,6897
2018.06.13 14:56,72515.00000,72535.00000,72435.00000,72485.00000,1359,3493
2018.06.13 14:57,72485.00000,72515.00000,72420.00000,72455.00000,1076,3182
2018.06.13 14:58,72465.00000,72635.00000,72420.00000,72505.00000,2404,6794
2018.06.13 14:59,72505.00000,72695.00000,72465.00000,72600.00000,2967,9189
2018.06.13 15:00,72600.00000,72625.00000,72405.00000,72465.00000,3878,11455
2018.06.13 15:01,72465.00000,72695.00000,72430.00000,72620.00000,3423,9606
2018.06.13 15:02,72620.00000,72675.00000,72395.00000,72405.00000,3850,11949
2018.06.13 15:03,72405.00000,72460.00000,72265.00000,72300.00000,3890,11786
2018.06.13 15:04,72295.00000,72350.00000,72185.00000,72215.00000,3738,10348
2018.06.13 15:05,72215.00000,72275.00000,72150.00000,72225.00000,3573,10729
2018.06.13 15:06,72220.00000,72275.00000,72185.00000,72190.00000,2324,6222
2018.06.13 15:07,72195.00000,72240.00000,72080.00000,72090.00000,3627,11144
2018.06.13 15:08,72095.00000,72320.00000,72090.00000,72265.00000,3462,10019
2018.06.13 15:09,72265.00000,72325.00000,72180.00000,72195.00000,2357,6878
2018.06.13 15:10,72195.00000,72285.00000,72160.00000,72215.00000,2192,7431
2018.06.13 15:11,72215.00000,72370.00000,72210.00000,72275.00000,3116,9858
2018.06.13 15:12,72275.00000,72360.00000,72245.00000,72325.00000,1682,6226
2018.06.13 15:13,72325.00000,72345.00000,72250.00000,72250.00000,1333,4611
2018.06.13 15:14,72255.00000,72280.00000,72120.00000,72135.00000,2691,10216
2018.06.13 15:15,72135.00000,72200.00000,72105.00000,72175.00000,1678,5818
2018.06.13 15:16,72180.00000,72215.00000,72160.00000,72185.00000,930,3158
2018.06.13 15:17,72185.00000,72245.00000,72185.00000,72195.00000,963,3053
2018.06.13 15:18,72195.00000,72330.00000,72195.00000,72295.00000,1353,3885
2018.06.13 15:19,72290.00000,72320.00000,72220.00000,72285.00000,1476,4918
2018.06.13 15:20,72285.00000,72330.00000,72105.00000,72105.00000,2372,8347
2018.06.13 15:21,72100.00000,72120.00000,72055.00000,72060.00000,2945,11074
2018.06.13 15:22,72060.00000,72105.00000,72040.00000,72085.00000,1281,4307
2018.06.13 15:23,72080.00000,72080.00000,71910.00000,71925.00000,3898,13339
2018.06.13 15:24,71930.00000,71990.00000,71860.00000,71895.00000,3551,11572
2018.06.13 15:25,71900.00000,71965.00000,71850.00000,71870.00000,2524,8198
2018.06.13 15:26,71870.00000,71985.00000,71865.00000,71885.00000,2132,6295
2018.06.13 15:27,71880.00000,71940.00000,71880.00000,71900.00000,1458,4760
2018.06.13 15:28,71905.00000,71955.00000,71855.00000,71885.00000,1637,5941
2018.06.13 15:29,71885.00000,71915.00000,71815.00000,71870.00000,2721,9422
2018.06.13 15:30,71870.00000,71875.00000,71775.00000,71820.00000,2478,8587
2018.06.13 15:31,71815.00000,71855.00000,71740.00000,71745.00000,2189,8054
2018.06.13 15:32,71750.00000,71820.00000,71715.00000,71805.00000,2828,9647
2018.06.13 15:33,71800.00000,71920.00000,71800.00000,71910.00000,2579,8709
2018.06.13 15:34,71910.00000,71965.00000,71895.00000,71925.00000,1675,5981
2018.06.13 15:35,71925.00000,71965.00000,71905.00000,71930.00000,1192,4406
2018.06.13 15:36,71925.00000,71990.00000,71925.00000,71975.00000,1667,5361
2018.06.13 15:37,71975.00000,72145.00000,71975.00000,72090.00000,3712,13536
2018.06.13 15:38,72090.00000,72190.00000,72060.00000,72160.00000,1714,5639
2018.06.13 15:39,72170.00000,72295.00000,72145.00000,72220.00000,3354,12814
2018.06.13 15:40,72225.00000,72280.00000,72205.00000,72260.00000,1728,6083
2018.06.13 15:41,72255.00000,72420.00000,72255.00000,72390.00000,2997,10882
2018.06.13 15:42,72390.00000,72530.00000,72370.00000,72505.00000,3008,11242
2018.06.13 15:43,72505.00000,72630.00000,72505.00000,72525.00000,3078,11755
2018.06.13 15:44,72525.00000,72545.00000,72410.00000,72415.00000,2837,9668
2018.06.13 15:45,72415.00000,72430.00000,72345.00000,72415.00000,2628,8761
2018.06.13 15:46,72415.00000,72450.00000,72385.00000,72385.00000,1296,4780
2018.06.13 15:47,72385.00000,72400.00000,72300.00000,72310.00000,2090,7839
2018.06.13 15:48,72315.00000,72355.00000,72240.00000,72255.00000,1904,7899
2018.06.13 15:49,72255.00000,72375.00000,72250.00000,72310.00000,1514,5021
2018.06.13 15:50,72310.00000,72395.00000,72280.00000,72360.00000,1872,6239
2018.06.13 15:51,72365.00000,72440.00000,72350.00000,72415.00000,1348,4476
2018.06.13 15:52,72415.00000,72470.00000,72380.00000,72390.00000,2074,6675
2018.06.13 15:53,72385.00000,72400.00000,72315.00000,72330.00000,1274,5074
2018.06.13 15:54,72325.00000,72430.00000,72310.00000,72370.00000,1335,4488
2018.06.13 15:55,72370.00000,72540.00000,72360.00000,72510.00000,2156,7722
2018.06.13 15:56,72515.00000,72585.00000,72485.00000,72550.00000,1765,6374
2018.06.13 15:57,72545.00000,72585.00000,72515.00000,72565.00000,1468,5197
2018.06.13 15:58,72560.00000,72650.00000,72555.00000,72605.00000,1938,7628
2018.06.13 15:59,72610.00000,72655.00000,72600.00000,72615.00000,1217,4755
2018.06.13 16:00,72615.00000,72720.00000,72615.00000,72705.00000,2009,7644
2018.06.13 16:01,72710.00000,73045.00000,72705.00000,72960.00000,5535,24020
2018.06.13 16:02,72965.00000,73155.00000,72945.00000,73065.00000,2928,11285
2018.06.13 16:03,73070.00000,73070.00000,72970.00000,73010.00000,2449,9964
2018.06.13 16:04,73010.00000,73170.00000,73005.00000,73040.00000,2497,8870
2018.06.13 16:05,73040.00000,73160.00000,73040.00000,73085.00000,1888,6117
2018.06.13 16:06,73085.00000,73220.00000,73085.00000,73180.00000,2792,9631
2018.06.13 16:07,73185.00000,73185.00000,73020.00000,73025.00000,2628,9778
2018.06.13 16:08,73030.00000,73115.00000,73015.00000,73065.00000,1788,6367
2018.06.13 16:09,73070.00000,73085.00000,72970.00000,72975.00000,2270,8112
2018.06.13 16:10,72970.00000,73095.00000,72965.00000,73020.00000,1913,6981
2018.06.13 16:11,73020.00000,73135.00000,73015.00000,73105.00000,1497,5675
2018.06.13 16:12,73105.00000,73130.00000,73050.00000,73085.00000,988,3578
2018.06.13 16:13,73080.00000,73155.00000,73075.00000,73140.00000,1077,4066
2018.06.13 16:14,73135.00000,73160.00000,73050.00000,73055.00000,1387,4909
2018.06.13 16:15,73055.00000,73105.00000,73025.00000,73025.00000,1249,4404
2018.06.13 16:16,73025.00000,73165.00000,73015.00000,73135.00000,1400,4787
2018.06.13 16:17,73135.00000,73175.00000,73055.00000,73055.00000,1582,5806
2018.06.13 16:18,73055.00000,73110.00000,73025.00000,73055.00000,1311,4429
2018.06.13 16:19,73055.00000,73100.00000,73020.00000,73055.00000,1153,4387
2018.06.13 16:20,73050.00000,73085.00000,72995.00000,73035.00000,1311,4640
2018.06.13 16:21,73035.00000,73085.00000,72930.00000,72935.00000,2355,7795
2018.06.13 16:22,72935.00000,72995.00000,72890.00000,72970.00000,2009,7258
2018.06.13 16:23,72965.00000,73045.00000,72930.00000,72935.00000,1463,5670
2018.06.13 16:24,72930.00000,72950.00000,72885.00000,72900.00000,1191,4317
2018.06.13 16:25,72900.00000,72985.00000,72890.00000,72970.00000,936,3620
2018.06.13 16:26,72975.00000,73025.00000,72940.00000,72940.00000,1333,4547
2018.06.13 16:27,72945.00000,72955.00000,72875.00000,72905.00000,1467,5874
2018.06.13 16:28,72895.00000,72990.00000,72855.00000,72890.00000,2237,8250
2018.06.13 16:29,72890.00000,72915.00000,72860.00000,72880.00000,919,3266
2018.06.13 16:30,72875.00000,72960.00000,72875.00000,72885.00000,1187,4311
2018.06.13 16:31,72885.00000,72940.00000,72845.00000,72915.00000,1232,3948
2018.06.13 16:32,72910.00000,73030.00000,72900.00000,73000.00000,1706,6494
2018.06.13 16:33,72995.00000,73080.00000,72990.00000,73035.00000,1932,6130
2018.06.13 16:34,73035.00000,73110.00000,73035.00000,73095.00000,1521,4860
2018.06.13 16:35,73090.00000,73105.00000,73000.00000,73000.00000,1494,4939
2018.06.13 16:36,73000.00000,73065.00000,72985.00000,73035.00000,1193,4405
2018.06.13 16:37,73030.00000,73045.00000,72960.00000,72960.00000,952,3190
2018.06.13 16:38,72955.00000,72965.00000,72825.00000,72825.00000,2157,7214
2018.06.13 16:39,72830.00000,72850.00000,72730.00000,72750.00000,2046,7623
2018.06.13 16:40,72745.00000,72770.00000,72670.00000,72670.00000,2130,7533
2018.06.13 16:41,72675.00000,72695.00000,72640.00000,72650.00000,1319,5130
2018.06.13 16:42,72650.00000,72705.00000,72635.00000,72680.00000,1671,6871
2018.06.13 16:43,72685.00000,72745.00000,72665.00000,72725.00000,1842,6945
2018.06.13 16:44,72725.00000,72785.00000,72705.00000,72710.00000,1578,5724
2018.06.13 16:45,72710.00000,72720.00000,72605.00000,72625.00000,2356,8703
2018.06.13 16:46,72625.00000,72690.00000,72575.00000,72575.00000,1772,7112
2018.06.13 16:47,72580.00000,72625.00000,72575.00000,72585.00000,1060,4073
2018.06.13 16:48,72585.00000,72665.00000,72575.00000,72605.00000,1480,6551
2018.06.13 16:49,72600.00000,72700.00000,72590.00000,72610.00000,1571,6178
2018.06.13 16:50,72615.00000,72690.00000,72605.00000,72670.00000,1007,3806
2018.06.13 16:51,72675.00000,72760.00000,72670.00000,72735.00000,1909,7046
2018.06.13 16:52,72740.00000,72750.00000,72670.00000,72700.00000,996,4047
2018.06.13 16:53,72700.00000,72775.00000,72700.00000,72765.00000,1073,4165
2018.06.13 16:54,72765.00000,72790.00000,72715.00000,72770.00000,1059,4278
2018.06.13 16:55,72770.00000,72860.00000,72765.00000,72800.00000,2040,8968
2018.06.13 16:56,72790.00000,72810.00000,72725.00000,72755.00000,1202,5583
2018.06.13 16:57,72755.00000,72790.00000,72715.00000,72740.00000,831,3618
2018.06.13 16:58,72745.00000,72760.00000,72680.00000,72715.00000,1342,6301
2018.06.13 16:59,72720.00000,72730.00000,72645.00000,72690.00000,1344,6274
2018.06.13 17:00,72690.00000,72710.00000,72630.00000,72635.00000,747,3510
2018.06.13 17:01,72640.00000,72665.00000,72610.00000,72665.00000,776,3829
2018.06.13 17:02,72665.00000,72720.00000,72660.00000,72705.00000,749,3489
2018.06.13 17:03,72700.00000,72735.00000,72700.00000,72725.00000,594,3089
2018.06.13 17:04,72725.00000,72770.00000,72720.00000,72750.00000,589,2968
2018.06.13 17:05,72750.00000,72800.00000,72750.00000,72790.00000,517,2083
2018.06.13 17:06,72790.00000,72840.00000,72785.00000,72825.00000,703,3066
2018.06.13 17:07,72825.00000,72850.00000,72820.00000,72840.00000,354,1354
2018.06.13 17:08,72840.00000,72935.00000,72840.00000,72890.00000,1298,5506
2018.06.13 17:09,72895.00000,72940.00000,72890.00000,72910.00000,477,1677
2018.06.13 17:10,72915.00000,72945.00000,72910.00000,72930.00000,368,1584
2018.06.13 17:11,72930.00000,72940.00000,72915.00000,72920.00000,360,1295
2018.06.13 17:12,72920.00000,72940.00000,72895.00000,72910.00000,606,2472
2018.06.13 17:13,72915.00000,72920.00000,72880.00000,72895.00000,481,1778
2018.06.13 17:14,72890.00000,72930.00000,72885.00000,72930.00000,443,1639
2018.06.13 17:15,72920.00000,72965.00000,72920.00000,72950.00000,638,3076
2018.06.13 17:16,72955.00000,72975.00000,72940.00000,72960.00000,400,1510
2018.06.13 17:17,72965.00000,72970.00000,72880.00000,72885.00000,914,4556
2018.06.13 17:18,72890.00000,72895.00000,72825.00000,72850.00000,765,3532
2018.06.13 17:19,72850.00000,72880.00000,72825.00000,72845.00000,399,1657
2018.06.13 17:20,72845.00000,72850.00000,72790.00000,72800.00000,533,2112
2018.06.13 17:21,72805.00000,72825.00000,72795.00000,72825.00000,218,941
2018.06.13 17:22,72825.00000,72825.00000,72780.00000,72795.00000,237,1144
2018.06.13 17:23,72795.00000,72865.00000,72765.00000,72865.00000,582,2616
2018.06.13 17:24,72860.00000,72935.00000,72830.00000,72890.00000,888,4201
2018.06.13 17:25,72895.00000,72895.00000,72870.00000,72890.00000,218,886
2018.06.13 17:26,72895.00000,72950.00000,72895.00000,72935.00000,434,1599
2018.06.13 17:27,72930.00000,72935.00000,72875.00000,72885.00000,298,1281
2018.06.13 17:28,72885.00000,72940.00000,72870.00000,72930.00000,350,1563
2018.06.13 17:29,72935.00000,72970.00000,72925.00000,72965.00000,435,1769
2018.06.13 17:30,72965.00000,72985.00000,72955.00000,72965.00000,373,1681
2018.06.13 17:31,72970.00000,72985.00000,72965.00000,72980.00000,117,408
2018.06.13 17:32,72980.00000,72995.00000,72945.00000,72945.00000,380,1594
2018.06.13 17:33,72950.00000,72955.00000,72915.00000,72925.00000,355,1471
2018.06.13 17:34,72925.00000,72980.00000,72920.00000,72970.00000,300,1308
2018.06.13 17:35,72970.00000,72980.00000,72955.00000,72970.00000,145,580
2018.06.13 17:36,72975.00000,72990.00000,72965.00000,72985.00000,162,714
2018.06.13 17:37,72985.00000,72985.00000,72970.00000,72975.00000,71,342
2018.06.13 17:38,72975.00000,72980.00000,72945.00000,72945.00000,178,619
2018.06.13 17:39,72945.00000,72965.00000,72945.00000,72955.00000,73,256
2018.06.13 17:40,72960.00000,72980.00000,72955.00000,72975.00000,101,324
2018.06.13 17:41,72975.00000,73045.00000,72970.00000,73025.00000,449,1400
2018.06.13 17:42,73020.00000,73040.00000,73015.00000,73020.00000,159,753
2018.06.13 17:43,73020.00000,73035.00000,73015.00000,73030.00000,132,420
2018.06.13 17:44,73035.00000,73035.00000,73025.00000,73025.00000,54,253
2018.06.13 17:45,73025.00000,73035.00000,73015.00000,73030.00000,122,436
2018.06.13 17:46,73025.00000,73070.00000,73025.00000,73065.00000,317,1395
2018.06.13 17:47,73060.00000,73075.00000,73030.00000,73045.00000,251,1060
2018.06.13 17:48,73040.00000,73040.00000,72990.00000,73030.00000,341,1278
2018.06.13 17:49,73035.00000,73065.00000,73020.00000,73060.00000,176,682
2018.06.13 17:50,73050.00000,73080.00000,73035.00000,73045.00000,386,1561
2018.06.13 17:51,73045.00000,73050.00000,73010.00000,73025.00000,197,986
2018.06.13 17:52,73020.00000,73025.00000,72990.00000,72995.00000,128,434
2018.06.13 17:53,72995.00000,73020.00000,72945.00000,73020.00000,215,1062
2018.06.13 17:54,73020.00000,73075.00000,72950.00000,73075.00000,468,3471
2018.06.14 09:00,73190.00000,73330.00000,73025.00000,73040.00000,1771,5483
2018.06.14 09:01,73040.00000,73145.00000,72980.00000,72980.00000,2099,8126
2018.06.14 09:02,72980.00000,73150.00000,72875.00000,73080.00000,2879,10755
2018.06.14 09:03,73075.00000,73185.00000,73070.00000,73135.00000,1386,5140
2018.06.14 09:04,73135.00000,73180.00000,73050.00000,73070.00000,1125,3878
2018.06.14 09:05,73070.00000,73260.00000,73050.00000,73210.00000,2919,10018
2018.06.14 09:06,73210.00000,73225.00000,73110.00000,73110.00000,1035,3664
2018.06.14 09:07,73120.00000,73200.00000,73110.00000,73155.00000,888,3493
2018.06.14 09:08,73155.00000,73190.00000,73125.00000,73165.00000,1067,3454
2018.06.14 09:09,73160.00000,73210.00000,73125.00000,73190.00000,1246,4521
2018.06.14 09:10,73185.00000,73225.00000,73175.00000,73220.00000,1047,3291
2018.06.14 09:11,73215.00000,73245.00000,73180.00000,73215.00000,1282,3989
2018.06.14 09:12,73210.00000,73445.00000,73205.00000,73400.00000,5244,14977
2018.06.14 09:13,73400.00000,73415.00000,73355.00000,73365.00000,1372,4250
2018.06.14 09:14,73365.00000,73375.00000,73305.00000,73335.00000,1483,4675
2018.06.14 09:15,73335.00000,73400.00000,73285.00000,73305.00000,2386,7480
2018.06.14 09:16,73305.00000,73310.00000,73240.00000,73245.00000,1372,4730
2018.06.14 09:17,73245.00000,73325.00000,73235.00000,73300.00000,1838,5372
2018.06.14 09:18,73300.00000,73315.00000,73260.00000,73260.00000,748,1930
2018.06.14 09:19,73260.00000,73265.00000,73160.00000,73195.00000,2794,6700
2018.06.14 09:20,73200.00000,73245.00000,73165.00000,73245.00000,1607,4373
2018.06.14 09:21,73245.00000,73305.00000,73165.00000,73210.00000,3733,9838
2018.06.14 09:22,73205.00000,73210.00000,73130.00000,73160.00000,3100,7465
2018.06.14 09:23,73160.00000,73180.00000,73120.00000,73150.00000,1795,5278
2018.06.14 09:24,73155.00000,73170.00000,73110.00000,73115.00000,834,2224
2018.06.14 09:25,73120.00000,73240.00000,73120.00000,73195.00000,2674,7613
2018.06.14 09:26,73190.00000,73290.00000,73185.00000,73250.00000,2248,7035
2018.06.14 09:27,73250.00000,73255.00000,73170.00000,73180.00000,1300,4525
2018.06.14 09:28,73185.00000,73220.00000,73150.00000,73210.00000,1220,4186
2018.06.14 09:29,73205.00000,73220.00000,73125.00000,73130.00000,1054,3950
2018.06.14 09:30,73130.00000,73135.00000,73045.00000,73070.00000,3805,11438
2018.06.14 09:31,73070.00000,73115.00000,73050.00000,73100.00000,1818,5756
2018.06.14 09:32,73100.00000,73130.00000,73055.00000,73080.00000,1656,4822
2018.06.14 09:33,73075.00000,73105.00000,73070.00000,73085.00000,1033,3014
2018.06.14 09:34,73085.00000,73095.00000,73060.00000,73065.00000,744,2346
2018.06.14 09:35,73065.00000,73070.00000,72970.00000,72980.00000,4089,11098
2018.06.14 09:36,72980.00000,73030.00000,72960.00000,72985.00000,2220,6909
2018.06.14 09:37,72980.00000,72990.00000,72895.00000,72905.00000,2423,5991
2018.06.14 09:38,72900.00000,72980.00000,72895.00000,72970.00000,2501,6374
2018.06.14 09:39,72965.00000,72970.00000,72925.00000,72950.00000,939,2784
2018.06.14 09:40,72955.00000,72995.00000,72930.00000,72985.00000,1717,4547
2018.06.14 09:41,72985.00000,72995.00000,72945.00000,72950.00000,1301,3940
2018.06.14 09:42,72950.00000,72960.00000,72800.00000,72865.00000,4510,12457
2018.06.14 09:43,72865.00000,72875.00000,72760.00000,72795.00000,3574,9510
2018.06.14 09:44,72795.00000,72810.00000,72765.00000,72775.00000,1849,4627
2018.06.14 09:45,72775.00000,72900.00000,72765.00000,72840.00000,3526,9548
2018.06.14 09:46,72845.00000,72895.00000,72820.00000,72850.00000,1714,4157
2018.06.14 09:47,72855.00000,72915.00000,72850.00000,72890.00000,1334,4068
2018.06.14 09:48,72895.00000,72940.00000,72890.00000,72925.00000,1656,4388
2018.06.14 09:49,72925.00000,72930.00000,72865.00000,72895.00000,1717,4338
2018.06.14 09:50,72900.00000,72940.00000,72845.00000,72865.00000,1976,4944
2018.06.14 09:51,72870.00000,72940.00000,72860.00000,72940.00000,1542,4472
2018.06.14 09:52,72940.00000,73045.00000,72870.00000,72885.00000,6935,17281
2018.06.14 09:53,72885.00000,72980.00000,72810.00000,72940.00000,4432,12813
2018.06.14 09:54,72945.00000,73020.00000,72905.00000,73000.00000,2709,6687
2018.06.14 09:55,73000.00000,73040.00000,72975.00000,73005.00000,2135,6455
2018.06.14 09:56,73010.00000,73025.00000,72950.00000,73020.00000,1517,3974
2018.06.14 09:57,73020.00000,73125.00000,73000.00000,73110.00000,2858,7840
2018.06.14 09:58,73110.00000,73180.00000,73100.00000,73115.00000,3604,10007
2018.06.14 09:59,73115.00000,73115.00000,73050.00000,73060.00000,2042,5615
2018.06.14 10:00,73060.00000,73150.00000,72975.00000,73145.00000,3957,10425
2018.06.14 10:01,73140.00000,73175.00000,73105.00000,73140.00000,2721,8062
2018.06.14 10:02,73140.00000,73225.00000,73085.00000,73135.00000,5243,13936
2018.06.14 10:03,73140.00000,73140.00000,73005.00000,73040.00000,2718,7938
2018.06.14 10:04,73045.00000,73045.00000,72880.00000,72915.00000,5962,15877
2018.06.14 10:05,72920.00000,72980.00000,72900.00000,72960.00000,1783,4954
2018.06.14 10:06,72955.00000,72960.00000,72830.00000,72880.00000,4297,12513
2018.06.14 10:07,72875.00000,72880.00000,72690.00000,72815.00000,8290,23332
2018.06.14 10:08,72815.00000,72915.00000,72765.00000,72865.00000,4476,12264
2018.06.14 10:09,72865.00000,73165.00000,72855.00000,73120.00000,6620,18050
2018.06.14 10:10,73120.00000,73260.00000,73120.00000,73180.00000,6831,19204
2018.06.14 10:11,73185.00000,73360.00000,73175.00000,73350.00000,4809,13347
2018.06.14 10:12,73350.00000,73360.00000,73150.00000,73190.00000,5941,17151
2018.06.14 10:13,73190.00000,73240.00000,73170.00000,73200.00000,1778,4918
2018.06.14 10:14,73195.00000,73265.00000,73110.00000,73255.00000,3884,10286
2018.06.14 10:15,73255.00000,73420.00000,73225.00000,73350.00000,6138,15999
2018.06.14 10:16,73350.00000,73360.00000,73210.00000,73225.00000,4069,11373
2018.06.14 10:17,73230.00000,73280.00000,73155.00000,73235.00000,3477,9291
2018.06.14 10:18,73235.00000,73330.00000,73210.00000,73315.00000,2238,6762
2018.06.14 10:19,73310.00000,73315.00000,73175.00000,73180.00000,2346,6282
2018.06.14 10:20,73180.00000,73190.00000,73075.00000,73170.00000,4789,12294
2018.06.14 10:21,73175.00000,73340.00000,73120.00000,73125.00000,5878,16966
2018.06.14 10:22,73125.00000,73135.00000,72820.00000,72850.00000,8543,22808
2018.06.14 10:23,72845.00000,72935.00000,72835.00000,72925.00000,3603,10900
2018.06.14 10:24,72930.00000,73015.00000,72890.00000,73000.00000,3156,9455
2018.06.14 10:25,73000.00000,73070.00000,72910.00000,72985.00000,3427,9509
2018.06.14 10:26,72985.00000,73035.00000,72925.00000,73020.00000,1695,4741
2018.06.14 10:27,73020.00000,73120.00000,73000.00000,73085.00000,2360,7083
2018.06.14 10:28,73090.00000,73140.00000,72950.00000,72970.00000,2884,8792
2018.06.14 10:29,72975.00000,73030.00000,72880.00000,72910.00000,2577,7813
2018.06.14 10:30,72910.00000,72965.00000,72750.00000,72890.00000,8282,23710
2018.06.14 10:31,72890.00000,72930.00000,72765.00000,72905.00000,3774,11280
2018.06.14 10:32,72900.00000,72920.00000,72725.00000,72780.00000,5966,17215
2018.06.14 10:33,72780.00000,72890.00000,72765.00000,72800.00000,3266,9415
2018.06.14 10:34,72805.00000,72880.00000,72650.00000,72685.00000,6491,17794
2018.06.14 10:35,72685.00000,72800.00000,72650.00000,72765.00000,4210,12751
2018.06.14 10:36,72765.00000,72825.00000,72750.00000,72770.00000,2422,6976
2018.06.14 10:37,72775.00000,72945.00000,72775.00000,72850.00000,4409,11573
2018.06.14 10:38,72850.00000,72865.00000,72780.00000,72835.00000,1975,5990
2018.06.14 10:39,72835.00000,72915.00000,72810.00000,72910.00000,2505,7137
2018.06.14 10:40,72910.00000,72910.00000,72830.00000,72860.00000,1730,4778
2018.06.14 10:41,72860.00000,72985.00000,72860.00000,72900.00000,3890,10391
2018.06.14 10:42,72895.00000,72950.00000,72730.00000,72735.00000,5042,14112
2018.06.14 10:43,72740.00000,72790.00000,72630.00000,72665.00000,6382,17054
2018.06.14 10:44,72665.00000,72760.00000,72650.00000,72735.00000,2849,8134
2018.06.14 10:45,72735.00000,72835.00000,72715.00000,72810.00000,2868,9174
2018.06.14 10:46,72810.00000,72820.00000,72680.00000,72710.00000,3427,10702
2018.06.14 10:47,72715.00000,72790.00000,72650.00000,72780.00000,3064,9044
2018.06.14 10:48,72780.00000,72830.00000,72660.00000,72695.00000,3892,11906
2018.06.14 10:49,72695.00000,72790.00000,72695.00000,72760.00000,1828,5279
2018.06.14 10:50,72765.00000,72860.00000,72720.00000,72840.00000,3702,10119
2018.06.14 10:51,72840.00000,72930.00000,72800.00000,72870.00000,3758,9972
2018.06.14 10:52,72865.00000,72980.00000,72830.00000,72895.00000,2854,8911
2018.06.14 10:53,72895.00000,72980.00000,72895.00000,72935.00000,2517,7728
2018.06.14 10:54,72930.00000,73075.00000,72930.00000,73055.00000,5256,14683
2018.06.14 10:55,73050.00000,73115.00000,73010.00000,73025.00000,3345,10158
2018.06.14 10:56,73030.00000,73075.00000,72975.00000,72985.00000,2374,6600
2018.06.14 10:57,72985.00000,73040.00000,72955.00000,72990.00000,2238,6630
2018.06.14 10:58,72990.00000,73035.00000,72935.00000,73005.00000,1896,5088
2018.06.14 10:59,73000.00000,73010.00000,72930.00000,72940.00000,1364,3898
2018.06.14 11:00,72940.00000,72975.00000,72860.00000,72875.00000,3093,9350
2018.06.14 11:01,72880.00000,72955.00000,72855.00000,72930.00000,2357,7776
2018.06.14 11:02,72925.00000,72935.00000,72825.00000,72870.00000,2459,8104
2018.06.14 11:03,72870.00000,72890.00000,72845.00000,72850.00000,1061,3170
2018.06.14 11:04,72850.00000,72925.00000,72840.00000,72895.00000,1595,5189
2018.06.14 11:05,72895.00000,72945.00000,72870.00000,72895.00000,1691,5399
2018.06.14 11:06,72895.00000,72945.00000,72885.00000,72945.00000,1379,4190
2018.06.14 11:07,72945.00000,72960.00000,72835.00000,72855.00000,2080,5789
2018.06.14 11:08,72860.00000,72870.00000,72810.00000,72865.00000,2312,7477
2018.06.14 11:09,72860.00000,72900.00000,72815.00000,72890.00000,1755,5466
2018.06.14 11:10,72895.00000,72895.00000,72775.00000,72815.00000,2972,8310
2018.06.14 11:11,72815.00000,72865.00000,72790.00000,72810.00000,1857,5248
2018.06.14 11:12,72805.00000,72870.00000,72800.00000,72845.00000,1533,4439
2018.06.14 11:13,72845.00000,72890.00000,72815.00000,72830.00000,1227,3457
2018.06.14 11:14,72830.00000,72830.00000,72740.00000,72755.00000,2982,8558
2018.06.14 11:15,72755.00000,72840.00000,72750.00000,72835.00000,1729,5055
2018.06.14 11:16,72830.00000,72865.00000,72800.00000,72820.00000,1220,4229
2018.06.14 11:17,72820.00000,72835.00000,72780.00000,72820.00000,983,3302
2018.06.14 11:18,72825.00000,72950.00000,72820.00000,72915.00000,3443,11068
2018.06.14 11:19,72925.00000,72985.00000,72905.00000,72980.00000,2431,5748
2018.06.14 11:20,72980.00000,73095.00000,72950.00000,73035.00000,5184,13941
2018.06.14 11:21,73040.00000,73160.00000,73035.00000,73075.00000,4824,13277
2018.06.14 11:22,73070.00000,73140.00000,73060.00000,73100.00000,2172,7443
2018.06.14 11:23,73105.00000,73135.00000,73070.00000,73085.00000,1357,4592
2018.06.14 11:24,73085.00000,73125.00000,73030.00000,73095.00000,2246,6806
2018.06.14 11:25,73090.00000,73150.00000,73090.00000,73110.00000,1635,4991
2018.06.14 11:26,73110.00000,73120.00000,73075.00000,73100.00000,1303,5022
2018.06.14 11:27,73100.00000,73140.00000,73050.00000,73070.00000,1595,5683
2018.06.14 11:28,73070.00000,73070.00000,72955.00000,72965.00000,4032,11545
2018.06.14 11:29,72965.00000,73080.00000,72955.00000,73070.00000,2302,7780
2018.06.14 11:30,73070.00000,73105.00000,73010.00000,73035.00000,2427,8069
2018.06.14 11:31,73035.00000,73035.00000,72980.00000,72995.00000,1265,3654
2018.06.14 11:32,73000.00000,73010.00000,72880.00000,72890.00000,3682,11616
2018.06.14 11:33,72895.00000,72910.00000,72860.00000,72875.00000,1776,5177
2018.06.14 11:34,72875.00000,72905.00000,72845.00000,72870.00000,1623,5442
2018.06.14 11:35,72870.00000,72875.00000,72770.00000,72835.00000,3383,9175
2018.06.14 11:36,72835.00000,72930.00000,72825.00000,72920.00000,2851,8650
2018.06.14 11:37,72925.00000,72980.00000,72905.00000,72980.00000,1607,5361
2018.06.14 11:38,72980.00000,73045.00000,72945.00000,73025.00000,3696,10846
2018.06.14 11:39,73020.00000,73085.00000,73000.00000,73075.00000,1944,5676
2018.06.14 11:40,73080.00000,73135.00000,73010.00000,73060.00000,2815,7999
2018.06.14 11:41,73060.00000,73065.00000,72950.00000,72970.00000,2129,6049
2018.06.14 11:42,72970.00000,72985.00000,72875.00000,72875.00000,2219,6933
2018.06.14 11:43,72880.00000,72960.00000,72860.00000,72940.00000,2093,6674
2018.06.14 11:44,72940.00000,73015.00000,72925.00000,72930.00000,1995,6498
2018.06.14 11:45,72930.00000,72985.00000,72900.00000,72910.00000,1563,4753
2018.06.14 11:46,72910.00000,72925.00000,72820.00000,72850.00000,2538,7288
2018.06.14 11:47,72850.00000,72925.00000,72835.00000,72860.00000,1727,5103
2018.06.14 11:48,72860.00000,72920.00000,72860.00000,72915.00000,689,2032
2018.06.14 11:49,72920.00000,73045.00000,72915.00000,73030.00000,2548,8878
2018.06.14 11:50,73030.00000,73045.00000,72965.00000,73040.00000,1533,4821
2018.06.14 11:51,73040.00000,73070.00000,73020.00000,73045.00000,1589,5266
2018.06.14 11:52,73050.00000,73080.00000,72990.00000,73000.00000,1723,5157
2018.06.14 11:53,73005.00000,73030.00000,72955.00000,73020.00000,1633,5509
2018.06.14 11:54,73020.00000,73035.00000,72965.00000,72990.00000,1292,4163
2018.06.14 11:55,72985.00000,73030.00000,72970.00000,72975.00000,818,2479
2018.06.14 11:56,72980.00000,73030.00000,72980.00000,72995.00000,670,2133
2018.06.14 11:57,72995.00000,73010.00000,72875.00000,72890.00000,2644,7332
2018.06.14 11:58,72895.00000,72965.00000,72860.00000,72930.00000,1616,5063
2018.06.14 11:59,72930.00000,72975.00000,72910.00000,72935.00000,1031,3920
2018.06.14 12:00,72935.00000,72960.00000,72895.00000,72925.00000,1042,3101
2018.06.14 12:01,72930.00000,72940.00000,72885.00000,72925.00000,1109,3453
2018.06.14 12:02,72925.00000,72940.00000,72885.00000,72915.00000,625,1931
2018.06.14 12:03,72915.00000,72965.00000,72895.00000,72935.00000,1072,3125
2018.06.14 12:04,72935.00000,73020.00000,72930.00000,73010.00000,1357,5025
2018.06.14 12:05,73010.00000,73040.00000,72965.00000,73020.00000,1677,5270
2018.06.14 12:06,73015.00000,73065.00000,73005.00000,73025.00000,1569,5594
2018.06.14 12:07,73030.00000,73040.00000,72960.00000,72970.00000,1093,3597
2018.06.14 12:08,72970.00000,72985.00000,72930.00000,72945.00000,954,3406
2018.06.14 12:09,72945.00000,72950.00000,72870.00000,72910.00000,1662,5349
2018.06.14 12:10,72910.00000,72965.00000,72850.00000,72915.00000,2550,8655
2018.06.14 12:11,72920.00000,72935.00000,72870.00000,72880.00000,1214,4537
2018.06.14 12:12,72885.00000,72895.00000,72810.00000,72845.00000,2308,7219
2018.06.14 12:13,72845.00000,72900.00000,72835.00000,72890.00000,1438,4443
2018.06.14 12:14,72890.00000,72905.00000,72845.00000,72870.00000,761,2849
2018.06.14 12:15,72865.00000,72870.00000,72790.00000,72830.00000,2129,6568
2018.06.14 12:16,72830.00000,72850.00000,72755.00000,72765.00000,1873,6407
2018.06.14 12:17,72770.00000,72810.00000,72705.00000,72795.00000,2743,8491
2018.06.14 12:18,72795.00000,72820.00000,72770.00000,72815.00000,1311,3542
2018.06.14 12:19,72815.00000,72850.00000,72810.00000,72820.00000,1435,4514
2018.06.14 12:20,72820.00000,72915.00000,72815.00000,72855.00000,2917,9833
2018.06.14 12:21,72855.00000,72895.00000,72780.00000,72800.00000,2278,8703
2018.06.14 12:22,72800.00000,72865.00000,72730.00000,72835.00000,2597,7985
2018.06.14 12:23,72835.00000,72885.00000,72825.00000,72865.00000,920,2638
2018.06.14 12:24,72860.00000,72895.00000,72785.00000,72875.00000,1634,5112
2018.06.14 12:25,72880.00000,72910.00000,72875.00000,72890.00000,1011,3555
2018.06.14 12:26,72885.00000,72895.00000,72800.00000,72805.00000,1153,3819
2018.06.14 12:27,72800.00000,72875.00000,72785.00000,72865.00000,933,2685
2018.06.14 12:28,72865.00000,72905.00000,72830.00000,72880.00000,1065,3232
2018.06.14 12:29,72880.00000,72900.00000,72850.00000,72855.00000,677,1771
2018.06.14 12:30,72855.00000,72870.00000,72810.00000,72815.00000,943,3052
2018.06.14 12:31,72815.00000,72845.00000,72795.00000,72825.00000,883,3148
2018.06.14 12:32,72825.00000,72830.00000,72760.00000,72765.00000,1084,3498
2018.06.14 12:33,72765.00000,72790.00000,72755.00000,72760.00000,899,2636
2018.06.14 12:34,72760.00000,72850.00000,72730.00000,72835.00000,1873,5536
2018.06.14 12:35,72835.00000,72835.00000,72760.00000,72765.00000,1070,3251
2018.06.14 12:36,72765.00000,72780.00000,72735.00000,72760.00000,1162,4236
2018.06.14 12:37,72760.00000,72820.00000,72750.00000,72785.00000,760,2632
2018.06.14 12:38,72785.00000,72795.00000,72715.00000,72770.00000,1466,5016
2018.06.14 12:39,72765.00000,72805.00000,72750.00000,72755.00000,969,2932
2018.06.14 12:40,72755.00000,72790.00000,72685.00000,72690.00000,1918,6729
2018.06.14 12:41,72690.00000,72695.00000,72610.00000,72655.00000,3007,9513
2018.06.14 12:42,72655.00000,72670.00000,72620.00000,72645.00000,1316,4945
2018.06.14 12:43,72650.00000,72675.00000,72620.00000,72660.00000,845,2895
2018.06.14 12:44,72660.00000,72700.00000,72645.00000,72695.00000,1150,3795
2018.06.14 12:45,72700.00000,72725.00000,72675.00000,72710.00000,1310,3790
2018.06.14 12:46,72715.00000,72715.00000,72630.00000,72645.00000,1079,3989
2018.06.14 12:47,72640.00000,72770.00000,72640.00000,72755.00000,1880,5811
2018.06.14 12:48,72760.00000,72775.00000,72725.00000,72740.00000,1051,3920
2018.06.14 12:49,72740.00000,72750.00000,72705.00000,72710.00000,907,2591
2018.06.14 12:50,72710.00000,72760.00000,72690.00000,72705.00000,919,2496
2018.06.14 12:51,72710.00000,72765.00000,72695.00000,72750.00000,919,4582
2018.06.14 12:52,72750.00000,72825.00000,72750.00000,72760.00000,2071,5809
2018.06.14 12:53,72755.00000,72770.00000,72690.00000,72715.00000,955,2877
2018.06.14 12:54,72715.00000,72725.00000,72665.00000,72695.00000,1085,4068
2018.06.14 12:55,72690.00000,72715.00000,72670.00000,72685.00000,719,2880
2018.06.14 12:56,72690.00000,72735.00000,72680.00000,72725.00000,643,1618
2018.06.14 12:57,72725.00000,72730.00000,72700.00000,72720.00000,350,1078
2018.06.14 12:58,72715.00000,72745.00000,72640.00000,72675.00000,1516,5222
2018.06.14 12:59,72675.00000,72730.00000,72660.00000,72695.00000,857,2602
2018.06.14 13:00,72695.00000,72740.00000,72670.00000,72720.00000,844,3706
2018.06.14 13:01,72720.00000,72760.00000,72720.00000,72725.00000,779,2243
2018.06.14 13:02,72725.00000,72730.00000,72695.00000,72705.00000,426,1602
2018.06.14 13:03,72700.00000,72705.00000,72635.00000,72640.00000,1121,3989
2018.06.14 13:04,72640.00000,72665.00000,72540.00000,72565.00000,2758,9614
2018.06.14 13:05,72560.00000,72565.00000,72415.00000,72510.00000,5533,18448
2018.06.14 13:06,72505.00000,72545.00000,72485.00000,72540.00000,1043,4723
2018.06.14 13:07,72540.00000,72555.00000,72525.00000,72540.00000,650,2129
2018.06.14 13:08,72540.00000,72585.00000,72490.00000,72535.00000,1551,5360
2018.06.14 13:09,72535.00000,72565.00000,72500.00000,72530.00000,889,2847
2018.06.14 13:10,72530.00000,72530.00000,72455.00000,72480.00000,2145,7248
2018.06.14 13:11,72485.00000,72490.00000,72425.00000,72450.00000,1459,5340
2018.06.14 13:12,72450.00000,72510.00000,72420.00000,72440.00000,1643,5982
2018.06.14 13:13,72440.00000,72475.00000,72405.00000,72460.00000,1446,4656
2018.06.14 13:14,72465.00000,72490.00000,72410.00000,72420.00000,1107,3878
2018.06.14 13:15,72425.00000,72440.00000,72370.00000,72420.00000,2402,7852
2018.06.14 13:16,72420.00000,72455.00000,72410.00000,72445.00000,1172,4294
2018.06.14 13:17,72445.00000,72460.00000,72430.00000,72445.00000,523,1401
2018.06.14 13:18,72445.00000,72445.00000,72395.00000,72440.00000,1121,3314
2018.06.14 13:19,72440.00000,72450.00000,72420.00000,72440.00000,694,2302
2018.06.14 13:20,72440.00000,72440.00000,72350.00000,72380.00000,1571,5513
2018.06.14 13:21,72375.00000,72525.00000,72365.00000,72515.00000,2980,9122
2018.06.14 13:22,72520.00000,72520.00000,72415.00000,72430.00000,1451,4684
2018.06.14 13:23,72425.00000,72465.00000,72390.00000,72435.00000,1022,2879
2018.06.14 13:24,72445.00000,72460.00000,72375.00000,72400.00000,1267,4119
2018.06.14 13:25,72400.00000,72425.00000,72375.00000,72415.00000,502,1660
2018.06.14 13:26,72415.00000,72515.00000,72405.00000,72510.00000,1476,4762
2018.06.14 13:27,72510.00000,72510.00000,72470.00000,72490.00000,720,2100
2018.06.14 13:28,72495.00000,72510.00000,72425.00000,72445.00000,1031,3255
2018.06.14 13:29,72440.00000,72445.00000,72315.00000,72315.00000,2082,7257
2018.06.14 13:30,72320.00000,72380.00000,72315.00000,72380.00000,1160,3672
2018.06.14 13:31,72380.00000,72405.00000,72345.00000,72400.00000,861,2885
2018.06.14 13:32,72395.00000,72445.00000,72365.00000,72420.00000,1087,3886
2018.06.14 13:33,72420.00000,72435.00000,72400.00000,72420.00000,425,1318
2018.06.14 13:34,72420.00000,72465.00000,72405.00000,72435.00000,613,1905
2018.06.14 13:35,72440.00000,72530.00000,72430.00000,72525.00000,1366,4125
2018.06.14 13:36,72520.00000,72645.00000,72515.00000,72585.00000,3305,9745
2018.06.14 13:37,72590.00000,72620.00000,72565.00000,72565.00000,872,2676
2018.06.14 13:38,72565.00000,72590.00000,72515.00000,72515.00000,890,2693
2018.06.14 13:39,72515.00000,72535.00000,72500.00000,72500.00000,1082,4614
2018.06.14 13:40,72500.00000,72515.00000,72470.00000,72500.00000,1152,4097
2018.06.14 13:41,72505.00000,72550.00000,72480.00000,72490.00000,1298,4730
2018.06.14 13:42,72490.00000,72560.00000,72475.00000,72535.00000,1008,3343
2018.06.14 13:43,72535.00000,72565.00000,72520.00000,72555.00000,602,2073
2018.06.14 13:44,72550.00000,72555.00000,72505.00000,72525.00000,669,2023
2018.06.14 13:45,72525.00000,72550.00000,72475.00000,72525.00000,904,3602
2018.06.14 13:46,72525.00000,72640.00000,72520.00000,72555.00000,1964,6509
2018.06.14 13:47,72555.00000,72560.00000,72495.00000,72505.00000,981,3074
2018.06.14 13:48,72505.00000,72505.00000,72450.00000,72470.00000,1333,5272
2018.06.14 13:49,72470.00000,72540.00000,72470.00000,72525.00000,878,3248
2018.06.14 13:50,72520.00000,72565.00000,72505.00000,72510.00000,704,2912
2018.06.14 13:51,72505.00000,72520.00000,72480.00000,72490.00000,473,1795
2018.06.14 13:52,72495.00000,72550.00000,72485.00000,72520.00000,563,1641
2018.06.14 13:53,72515.00000,72530.00000,72495.00000,72510.00000,357,1235
2018.06.14 13:54,72515.00000,72550.00000,72510.00000,72535.00000,365,1282
2018.06.14 13:55,72535.00000,72595.00000,72530.00000,72595.00000,952,3347
2018.06.14 13:56,72595.00000,72600.00000,72535.00000,72565.00000,933,3527
2018.06.14 13:57,72570.00000,72580.00000,72550.00000,72570.00000,309,822
2018.06.14 13:58,72570.00000,72570.00000,72515.00000,72555.00000,658,3104
2018.06.14 13:59,72555.00000,72625.00000,72545.00000,72595.00000,1027,3912
2018.06.14 14:00,72590.00000,72595.00000,72530.00000,72555.00000,1047,3971
2018.06.14 14:01,72560.00000,72595.00000,72530.00000,72590.00000,662,2240
2018.06.14 14:02,72595.00000,72720.00000,72575.00000,72680.00000,2576,10101
2018.06.14 14:03,72680.00000,72735.00000,72665.00000,72695.00000,1960,6927
2018.06.14 14:04,72695.00000,72700.00000,72660.00000,72670.00000,662,2897
2018.06.14 14:05,72665.00000,72670.00000,72585.00000,72605.00000,1495,6055
2018.06.14 14:06,72600.00000,72625.00000,72575.00000,72615.00000,842,2777
2018.06.14 14:07,72615.00000,72640.00000,72605.00000,72620.00000,591,2255
2018.06.14 14:08,72625.00000,72630.00000,72540.00000,72550.00000,1334,4787
2018.06.14 14:09,72545.00000,72560.00000,72525.00000,72535.00000,972,3572
2018.06.14 14:10,72530.00000,72540.00000,72465.00000,72490.00000,2853,8409
2018.06.14 14:11,72490.00000,72520.00000,72470.00000,72475.00000,728,2241
2018.06.14 14:12,72475.00000,72520.00000,72460.00000,72490.00000,1007,3090
2018.06.14 14:13,72495.00000,72505.00000,72480.00000,72495.00000,339,927
2018.06.14 14:14,72500.00000,72520.00000,72465.00000,72520.00000,638,2472
2018.06.14 14:15,72520.00000,72560.00000,72515.00000,72535.00000,1258,4393
2018.06.14 14:16,72540.00000,72585.00000,72530.00000,72555.00000,907,3543
2018.06.14 14:17,72550.00000,72550.00000,72485.00000,72485.00000,1483,5245
2018.06.14 14:18,72485.00000,72515.00000,72430.00000,72505.00000,2661,10141
2018.06.14 14:19,72505.00000,72515.00000,72465.00000,72515.00000,696,2514
2018.06.14 14:20,72515.00000,72570.00000,72485.00000,72540.00000,1328,4707
2018.06.14 14:21,72535.00000,72680.00000,72530.00000,72640.00000,2926,8548
2018.06.14 14:22,72635.00000,72655.00000,72600.00000,72615.00000,927,2813
2018.06.14 14:23,72620.00000,72665.00000,72580.00000,72590.00000,1148,4010
2018.06.14 14:24,72590.00000,72600.00000,72560.00000,72575.00000,789,2470
2018.06.14 14:25,72570.00000,72580.00000,72520.00000,72530.00000,1316,4823
2018.06.14 14:26,72530.00000,72575.00000,72530.00000,72560.00000,578,2429
2018.06.14 14:27,72560.00000,72630.00000,72555.00000,72605.00000,1314,4086
2018.06.14 14:28,72600.00000,72600.00000,72505.00000,72520.00000,1375,4919
2018.06.14 14:29,72525.00000,72585.00000,72515.00000,72530.00000,741,2930
2018.06.14 14:30,72530.00000,72570.00000,72510.00000,72565.00000,827,2940
2018.06.14 14:31,72560.00000,72600.00000,72545.00000,72580.00000,961,3357
2018.06.14 14:32,72580.00000,72585.00000,72535.00000,72570.00000,887,3015
2018.06.14 14:33,72575.00000,72670.00000,72565.00000,72650.00000,1867,6342
2018.06.14 14:34,72645.00000,72700.00000,72635.00000,72670.00000,1888,6351
2018.06.14 14:35,72670.00000,72725.00000,72655.00000,72705.00000,1494,5160
2018.06.14 14:36,72700.00000,72780.00000,72690.00000,72695.00000,2818,8431
2018.06.14 14:37,72700.00000,72720.00000,72655.00000,72670.00000,1563,6002
2018.06.14 14:38,72665.00000,72675.00000,72625.00000,72645.00000,884,3283
2018.06.14 14:39,72650.00000,72685.00000,72630.00000,72645.00000,975,3980
2018.06.14 14:40,72645.00000,72660.00000,72610.00000,72640.00000,1133,3429
2018.06.14 14:41,72645.00000,72670.00000,72625.00000,72660.00000,592,1920
2018.06.14 14:42,72650.00000,72690.00000,72650.00000,72675.00000,780,3539
2018.06.14 14:43,72680.00000,72685.00000,72640.00000,72660.00000,636,2377
2018.06.14 14:44,72655.00000,72710.00000,72650.00000,72685.00000,767,2548
2018.06.14 14:45,72680.00000,72795.00000,72680.00000,72735.00000,2763,9069
2018.06.14 14:46,72740.00000,72780.00000,72710.00000,72770.00000,998,3152
2018.06.14 14:47,72765.00000,72820.00000,72755.00000,72790.00000,1330,4687
2018.06.14 14:48,72785.00000,72820.00000,72745.00000,72815.00000,1451,5230
2018.06.14 14:49,72815.00000,72815.00000,72735.00000,72765.00000,1384,4236
2018.06.14 14:50,72765.00000,72770.00000,72670.00000,72680.00000,1641,6068
2018.06.14 14:51,72680.00000,72800.00000,72675.00000,72790.00000,1471,5860
2018.06.14 14:52,72790.00000,72880.00000,72775.00000,72820.00000,4153,14011
2018.06.14 14:53,72820.00000,72835.00000,72770.00000,72795.00000,1381,4624
2018.06.14 14:54,72800.00000,72805.00000,72740.00000,72755.00000,1684,5573
2018.06.14 14:55,72755.00000,72790.00000,72730.00000,72735.00000,1277,4456
2018.06.14 14:56,72735.00000,72815.00000,72720.00000,72730.00000,2029,7381
2018.06.14 14:57,72730.00000,72755.00000,72520.00000,72535.00000,5654,18032
2018.06.14 14:58,72535.00000,72545.00000,72405.00000,72430.00000,5366,17334
2018.06.14 14:59,72425.00000,72460.00000,72185.00000,72225.00000,6632,23354
2018.06.14 15:00,72225.00000,72345.00000,72200.00000,72210.00000,3674,11329
2018.06.14 15:01,72215.00000,72235.00000,72135.00000,72150.00000,4493,14101
2018.06.14 15:02,72155.00000,72405.00000,72145.00000,72375.00000,4969,15721
2018.06.14 15:03,72380.00000,72470.00000,72375.00000,72420.00000,3056,10177
2018.06.14 15:04,72420.00000,72540.00000,72405.00000,72485.00000,2243,7964
2018.06.14 15:05,72490.00000,72495.00000,72450.00000,72480.00000,1294,4513
2018.06.14 15:06,72480.00000,72565.00000,72470.00000,72480.00000,2509,8430
2018.06.14 15:07,72480.00000,72530.00000,72440.00000,72480.00000,2074,6732
2018.06.14 15:08,72480.00000,72550.00000,72470.00000,72520.00000,1425,4126
2018.06.14 15:09,72520.00000,72540.00000,72455.00000,72515.00000,1553,5419
2018.06.14 15:10,72515.00000,72560.00000,72490.00000,72525.00000,1476,4762
2018.06.14 15:11,72525.00000,72640.00000,72505.00000,72590.00000,2484,8191
2018.06.14 15:12,72590.00000,72595.00000,72545.00000,72580.00000,1052,3420
2018.06.14 15:13,72585.00000,72665.00000,72565.00000,72640.00000,1813,5686
2018.06.14 15:14,72640.00000,72655.00000,72585.00000,72610.00000,921,2822
2018.06.14 15:15,72615.00000,72615.00000,72550.00000,72555.00000,1014,4070
2018.06.14 15:16,72550.00000,72595.00000,72540.00000,72565.00000,1008,3516
2018.06.14 15:17,72560.00000,72565.00000,72380.00000,72440.00000,4950,15167
2018.06.14 15:18,72445.00000,72455.00000,72270.00000,72360.00000,4169,12962
2018.06.14 15:19,72360.00000,72475.00000,72305.00000,72350.00000,4122,11834
2018.06.14 15:20,72345.00000,72450.00000,72330.00000,72365.00000,2666,9286
2018.06.14 15:21,72370.00000,72370.00000,72220.00000,72265.00000,3921,12922
2018.06.14 15:22,72260.00000,72410.00000,72255.00000,72365.00000,2504,8335
2018.06.14 15:23,72365.00000,72400.00000,72325.00000,72355.00000,1148,3321
2018.06.14 15:24,72355.00000,72355.00000,72310.00000,72340.00000,660,1761
2018.06.14 15:25,72340.00000,72415.00000,72315.00000,72330.00000,1459,4614
2018.06.14 15:26,72330.00000,72490.00000,72285.00000,72450.00000,2246,6598
2018.06.14 15:27,72450.00000,72465.00000,72405.00000,72430.00000,1231,4119
2018.06.14 15:28,72425.00000,72440.00000,72400.00000,72415.00000,689,1758
2018.06.14 15:29,72410.00000,72435.00000,72375.00000,72410.00000,970,2873
2018.06.14 15:30,72405.00000,72420.00000,72305.00000,72310.00000,1533,4454
2018.06.14 15:31,72310.00000,72320.00000,72240.00000,72260.00000,2069,6073
2018.06.14 15:32,72260.00000,72280.00000,72160.00000,72185.00000,2785,8991
2018.06.14 15:33,72190.00000,72220.00000,72120.00000,72135.00000,2900,8479
2018.06.14 15:34,72135.00000,72145.00000,72055.00000,72115.00000,2800,8071
2018.06.14 15:35,72115.00000,72215.00000,72060.00000,72185.00000,2550,7557
2018.06.14 15:36,72185.00000,72225.00000,72080.00000,72095.00000,2357,6434
2018.06.14 15:37,72090.00000,72150.00000,72090.00000,72100.00000,1111,3358
2018.06.14 15:38,72095.00000,72095.00000,71965.00000,72030.00000,4126,12357
2018.06.14 15:39,72030.00000,72050.00000,71995.00000,72035.00000,1369,5196
2018.06.14 15:40,72040.00000,72060.00000,72005.00000,72040.00000,1062,3195
2018.06.14 15:41,72040.00000,72125.00000,72025.00000,72115.00000,1885,6160
2018.06.14 15:42,72115.00000,72120.00000,71960.00000,71970.00000,2404,7660
2018.06.14 15:43,71970.00000,72005.00000,71925.00000,71995.00000,2715,8192
2018.06.14 15:44,71995.00000,72000.00000,71950.00000,71990.00000,823,3024
2018.06.14 15:45,71985.00000,72070.00000,71970.00000,72055.00000,1623,5435
2018.06.14 15:46,72050.00000,72055.00000,71955.00000,71980.00000,1418,4271
2018.06.14 15:47,71980.00000,72020.00000,71940.00000,72015.00000,1216,3748
2018.06.14 15:48,72015.00000,72045.00000,71965.00000,72020.00000,1174,4350
2018.06.14 15:49,72020.00000,72165.00000,72015.00000,72100.00000,2913,7657
2018.06.14 15:50,72100.00000,72165.00000,72095.00000,72120.00000,1466,3957
2018.06.14 15:51,72115.00000,72265.00000,72105.00000,72260.00000,2015,5297
2018.06.14 15:52,72260.00000,72275.00000,72180.00000,72230.00000,2094,5891
2018.06.14 15:53,72225.00000,72240.00000,72110.00000,72145.00000,1955,5342
2018.06.14 15:54,72150.00000,72235.00000,72135.00000,72135.00000,1236,4114
2018.06.14 15:55,72135.00000,72195.00000,72100.00000,72175.00000,1281,4280
2018.06.14 15:56,72175.00000,72205.00000,72145.00000,72160.00000,721,2095
2018.06.14 15:57,72155.00000,72165.00000,72010.00000,72025.00000,2469,6939
2018.06.14 15:58,72030.00000,72080.00000,72000.00000,72035.00000,1660,4526
2018.06.14 15:59,72035.00000,72060.00000,72000.00000,72045.00000,1173,3241
2018.06.14 16:00,72045.00000,72125.00000,72025.00000,72120.00000,1418,3909
2018.06.14 16:01,72120.00000,72175.00000,72095.00000,72150.00000,1397,4273
2018.06.14 16:02,72150.00000,72185.00000,72100.00000,72135.00000,1197,4130
2018.06.14 16:03,72130.00000,72140.00000,72000.00000,72025.00000,2281,7432
2018.06.14 16:04,72030.00000,72150.00000,72030.00000,72145.00000,1387,4026
2018.06.14 16:05,72150.00000,72225.00000,72150.00000,72180.00000,1501,4304
2018.06.14 16:06,72175.00000,72250.00000,72175.00000,72195.00000,1011,3288
2018.06.14 16:07,72190.00000,72230.00000,72155.00000,72230.00000,1148,3199
2018.06.14 16:08,72230.00000,72320.00000,72230.00000,72280.00000,2252,6542
2018.06.14 16:09,72280.00000,72290.00000,72200.00000,72215.00000,1334,4189
2018.06.14 16:10,72215.00000,72315.00000,72210.00000,72295.00000,1134,3396
2018.06.14 16:11,72295.00000,72310.00000,72180.00000,72195.00000,1794,5572
2018.06.14 16:12,72195.00000,72210.00000,72155.00000,72175.00000,960,3421
2018.06.14 16:13,72175.00000,72185.00000,72110.00000,72145.00000,1453,4124
2018.06.14 16:14,72145.00000,72225.00000,72145.00000,72210.00000,973,3125
2018.06.14 16:15,72210.00000,72250.00000,72125.00000,72175.00000,1631,4001
2018.06.14 16:16,72180.00000,72185.00000,72115.00000,72155.00000,879,2467
2018.06.14 16:17,72155.00000,72200.00000,72110.00000,72145.00000,1141,3250
2018.06.14 16:18,72145.00000,72150.00000,72070.00000,72100.00000,1850,5570
2018.06.14 16:19,72100.00000,72130.00000,72035.00000,72095.00000,1573,4151
2018.06.14 16:20,72095.00000,72110.00000,72060.00000,72090.00000,867,2719
2018.06.14 16:21,72090.00000,72195.00000,72070.00000,72180.00000,2023,5790
2018.06.14 16:22,72180.00000,72180.00000,72120.00000,72140.00000,939,2757
2018.06.14 16:23,72140.00000,72170.00000,72135.00000,72170.00000,496,1146
2018.06.14 16:24,72170.00000,72185.00000,72140.00000,72170.00000,768,2576
2018.06.14 16:25,72165.00000,72240.00000,72160.00000,72200.00000,1399,3789
2018.06.14 16:26,72195.00000,72230.00000,72180.00000,72190.00000,817,2331
2018.06.14 16:27,72190.00000,72235.00000,72175.00000,72215.00000,833,2374
2018.06.14 16:28,72215.00000,72240.00000,72165.00000,72175.00000,930,3080
2018.06.14 16:29,72175.00000,72220.00000,72140.00000,72160.00000,1220,3505
2018.06.14 16:30,72165.00000,72170.00000,72085.00000,72115.00000,1528,4324
2018.06.14 16:31,72115.00000,72120.00000,72040.00000,72065.00000,1230,3687
2018.06.14 16:32,72070.00000,72130.00000,72065.00000,72085.00000,869,2261
2018.06.14 16:33,72085.00000,72145.00000,72075.00000,72130.00000,831,2392
2018.06.14 16:34,72135.00000,72260.00000,72120.00000,72230.00000,1897,5916
2018.06.14 16:35,72230.00000,72240.00000,72170.00000,72185.00000,1079,3957
2018.06.14 16:36,72180.00000,72255.00000,72175.00000,72220.00000,790,3090
2018.06.14 16:37,72220.00000,72225.00000,72185.00000,72200.00000,478,1318
2018.06.14 16:38,72200.00000,72240.00000,72130.00000,72195.00000,1233,4198
2018.06.14 16:39,72195.00000,72205.00000,72140.00000,72190.00000,876,2704
2018.06.14 16:40,72190.00000,72240.00000,72190.00000,72210.00000,726,2232
2018.06.14 16:41,72215.00000,72305.00000,72200.00000,72230.00000,2028,6329
2018.06.14 16:42,72235.00000,72240.00000,72155.00000,72180.00000,1244,4340
2018.06.14 16:43,72180.00000,72180.00000,72125.00000,72140.00000,1148,3865
2018.06.14 16:44,72140.00000,72140.00000,72080.00000,72110.00000,1136,3638
2018.06.14 16:45,72120.00000,72140.00000,72080.00000,72090.00000,1157,3303
2018.06.14 16:46,72085.00000,72160.00000,72070.00000,72150.00000,1299,3718
2018.06.14 16:47,72150.00000,72240.00000,72150.00000,72235.00000,1377,4654
2018.06.14 16:48,72235.00000,72255.00000,72215.00000,72235.00000,1073,3104
2018.06.14 16:49,72235.00000,72275.00000,72195.00000,72235.00000,1318,4174
2018.06.14 16:50,72235.00000,72235.00000,72125.00000,72150.00000,1813,5404
2018.06.14 16:51,72145.00000,72185.00000,72110.00000,72170.00000,1032,2903
2018.06.14 16:52,72170.00000,72210.00000,72125.00000,72195.00000,820,2032
2018.06.14 16:53,72200.00000,72210.00000,72155.00000,72160.00000,504,1459
2018.06.14 16:54,72160.00000,72185.00000,72135.00000,72180.00000,647,1604
2018.06.14 16:55,72180.00000,72185.00000,72095.00000,72140.00000,1647,5605
2018.06.14 16:56,72140.00000,72145.00000,72030.00000,72035.00000,2806,9283
2018.06.14 16:57,72035.00000,72080.00000,72020.00000,72025.00000,1001,3487
2018.06.14 16:58,72025.00000,72120.00000,72020.00000,72090.00000,1462,5439
2018.06.14 16:59,72095.00000,72125.00000,72075.00000,72105.00000,616,2522
2018.06.14 17:00,72105.00000,72170.00000,72105.00000,72155.00000,865,4040
2018.06.14 17:01,72155.00000,72200.00000,72130.00000,72175.00000,1030,4058
2018.06.14 17:02,72175.00000,72225.00000,72135.00000,72160.00000,1016,4429
2018.06.14 17:03,72160.00000,72170.00000,72075.00000,72095.00000,639,2927
2018.06.14 17:04,72095.00000,72115.00000,72040.00000,72060.00000,1251,4620
2018.06.14 17:05,72055.00000,72085.00000,72050.00000,72070.00000,527,1775
2018.06.14 17:06,72070.00000,72100.00000,72060.00000,72070.00000,484,1646
2018.06.14 17:07,72075.00000,72115.00000,72065.00000,72110.00000,377,1373
2018.06.14 17:08,72115.00000,72155.00000,72100.00000,72150.00000,570,2606
2018.06.14 17:09,72155.00000,72160.00000,72105.00000,72115.00000,557,1742
2018.06.14 17:10,72120.00000,72130.00000,72050.00000,72060.00000,694,2694
2018.06.14 17:11,72060.00000,72070.00000,71970.00000,71985.00000,1275,4580
2018.06.14 17:12,71990.00000,72020.00000,71945.00000,71985.00000,783,3053
2018.06.14 17:13,71985.00000,72050.00000,71985.00000,72010.00000,675,2660
2018.06.14 17:14,72010.00000,72010.00000,71950.00000,71975.00000,571,1873
2018.06.14 17:15,71975.00000,71985.00000,71960.00000,71970.00000,283,1366
2018.06.14 17:16,71965.00000,71985.00000,71950.00000,71960.00000,359,1058
2018.06.14 17:17,71965.00000,71970.00000,71940.00000,71960.00000,286,884
2018.06.14 17:18,71960.00000,71965.00000,71905.00000,71925.00000,705,2564
2018.06.14 17:19,71930.00000,71935.00000,71915.00000,71930.00000,237,819
2018.06.14 17:20,71930.00000,71955.00000,71900.00000,71945.00000,739,3183
2018.06.14 17:21,71950.00000,71950.00000,71875.00000,71890.00000,632,2431
2018.06.14 17:22,71890.00000,71890.00000,71860.00000,71870.00000,488,1209
2018.06.14 17:23,71875.00000,71880.00000,71785.00000,71785.00000,1081,4076
2018.06.14 17:24,71790.00000,71835.00000,71780.00000,71810.00000,620,2114
2018.06.14 17:25,71810.00000,71820.00000,71795.00000,71810.00000,230,670
2018.06.14 17:26,71815.00000,71820.00000,71805.00000,71815.00000,119,473
2018.06.14 17:27,71815.00000,71825.00000,71805.00000,71815.00000,135,574
2018.06.14 17:28,71810.00000,71820.00000,71805.00000,71810.00000,101,480
2018.06.14 17:29,71810.00000,71820.00000,71805.00000,71810.00000,107,305
2018.06.14 17:30,71810.00000,71815.00000,71780.00000,71795.00000,484,1762
2018.06.14 17:31,71790.00000,71865.00000,71785.00000,71850.00000,591,1969
2018.06.14 17:32,71850.00000,71885.00000,71840.00000,71870.00000,496,1991
2018.06.14 17:33,71880.00000,71965.00000,71875.00000,71955.00000,645,3124
2018.06.14 17:34,71950.00000,71960.00000,71915.00000,71925.00000,370,1425
2018.06.14 17:35,71925.00000,71930.00000,71890.00000,71895.00000,250,839
2018.06.14 17:36,71895.00000,71900.00000,71880.00000,71900.00000,184,666
2018.06.14 17:37,71895.00000,71910.00000,71875.00000,71880.00000,207,784
2018.06.14 17:38,71880.00000,71885.00000,71855.00000,71870.00000,216,753
2018.06.14 17:39,71870.00000,71900.00000,71855.00000,71870.00000,278,679
2018.06.14 17:40,71870.00000,71890.00000,71850.00000,71860.00000,241,955
2018.06.14 17:41,71860.00000,71860.00000,71830.00000,71840.00000,266,1087
2018.06.14 17:42,71835.00000,71840.00000,71815.00000,71820.00000,243,560
2018.06.14 17:43,71825.00000,71860.00000,71820.00000,71825.00000,276,1105
2018.06.14 17:44,71820.00000,71825.00000,71815.00000,71815.00000,116,354
2018.06.14 17:45,71820.00000,71830.00000,71790.00000,71790.00000,278,1339
2018.06.14 17:46,71790.00000,71800.00000,71785.00000,71795.00000,141,609
2018.06.14 17:47,71795.00000,71800.00000,71765.00000,71790.00000,305,1204
2018.06.14 17:48,71780.00000,71835.00000,71775.00000,71820.00000,317,1268
2018.06.14 17:49,71820.00000,71850.00000,71810.00000,71830.00000,231,973
2018.06.14 17:50,71835.00000,71855.00000,71825.00000,71845.00000,253,1008
2018.06.14 17:51,71840.00000,71880.00000,71835.00000,71880.00000,166,670
2018.06.14 17:52,71880.00000,71955.00000,71870.00000,71950.00000,271,1291
2018.06.14 17:53,71955.00000,72065.00000,71945.00000,72055.00000,548,2935
2018.06.14 17:54,72060.00000,72160.00000,72060.00000,72075.00000,681,4598
2018.06.15 09:00,71800.00000,71930.00000,71670.00000,71925.00000,920,2855
2018.06.15 09:01,71915.00000,72095.00000,71850.00000,72035.00000,2614,10482
2018.06.15 09:02,72045.00000,72065.00000,71900.00000,71940.00000,1525,5880
2018.06.15 09:03,71945.00000,71995.00000,71800.00000,71805.00000,1893,6153
2018.06.15 09:04,71805.00000,71825.00000,71635.00000,71670.00000,2252,7947
2018.06.15 09:05,71670.00000,71740.00000,71650.00000,71730.00000,1221,4131
2018.06.15 09:06,71730.00000,71775.00000,71690.00000,71725.00000,1156,3890
2018.06.15 09:07,71725.00000,71765.00000,71675.00000,71740.00000,1059,3011
2018.06.15 09:08,71745.00000,71770.00000,71690.00000,71720.00000,853,3437
2018.06.15 09:09,71715.00000,71765.00000,71620.00000,71730.00000,4237,13363
2018.06.15 09:10,71730.00000,71760.00000,71645.00000,71705.00000,1907,5773
2018.06.15 09:11,71705.00000,71780.00000,71685.00000,71725.00000,1996,6143
2018.06.15 09:12,71725.00000,71755.00000,71555.00000,71600.00000,3851,9462
2018.06.15 09:13,71595.00000,71730.00000,71570.00000,71660.00000,2585,6981
2018.06.15 09:14,71655.00000,71835.00000,71655.00000,71805.00000,2677,7022
2018.06.15 09:15,71805.00000,71835.00000,71725.00000,71785.00000,3399,8362
2018.06.15 09:16,71790.00000,71855.00000,71750.00000,71820.00000,2914,6175
2018.06.15 09:17,71820.00000,71840.00000,71775.00000,71835.00000,2209,4369
2018.06.15 09:18,71835.00000,71870.00000,71810.00000,71845.00000,2020,4570
2018.06.15 09:19,71850.00000,71860.00000,71730.00000,71740.00000,2392,5225
2018.06.15 09:20,71735.00000,71785.00000,71680.00000,71710.00000,3907,8844
2018.06.15 09:21,71710.00000,71840.00000,71705.00000,71800.00000,2584,5530
2018.06.15 09:22,71800.00000,71820.00000,71755.00000,71760.00000,1167,2697
2018.06.15 09:23,71755.00000,71765.00000,71690.00000,71740.00000,1527,3659
2018.06.15 09:24,71740.00000,71815.00000,71730.00000,71795.00000,1655,3689
2018.06.15 09:25,71795.00000,71805.00000,71740.00000,71765.00000,1116,2558
2018.06.15 09:26,71765.00000,71810.00000,71760.00000,71760.00000,737,2203
2018.06.15 09:27,71760.00000,71780.00000,71720.00000,71735.00000,901,2720
2018.06.15 09:28,71740.00000,71790.00000,71735.00000,71775.00000,574,2111
2018.06.15 09:29,71775.00000,71805.00000,71755.00000,71770.00000,606,2291
2018.06.15 09:30,71765.00000,71775.00000,71680.00000,71685.00000,1719,4984
2018.06.15 09:31,71690.00000,71700.00000,71580.00000,71645.00000,3727,11470
2018.06.15 09:32,71645.00000,71695.00000,71570.00000,71605.00000,3142,7994
2018.06.15 09:33,71605.00000,71670.00000,71595.00000,71645.00000,1915,4455
2018.06.15 09:34,71640.00000,71690.00000,71635.00000,71685.00000,1181,2905
2018.06.15 09:35,71685.00000,71720.00000,71665.00000,71675.00000,1357,3364
2018.06.15 09:36,71675.00000,71720.00000,71640.00000,71690.00000,1599,4366
2018.06.15 09:37,71695.00000,71710.00000,71610.00000,71635.00000,1566,4127
2018.06.15 09:38,71640.00000,71680.00000,71630.00000,71645.00000,1268,3196
2018.06.15 09:39,71650.00000,71680.00000,71630.00000,71660.00000,929,2046
2018.06.15 09:40,71660.00000,71690.00000,71515.00000,71615.00000,5415,14634
2018.06.15 09:41,71615.00000,71635.00000,71560.00000,71580.00000,1949,4710
2018.06.15 09:42,71580.00000,71590.00000,71520.00000,71555.00000,1801,4548
2018.06.15 09:43,71560.00000,71605.00000,71550.00000,71580.00000,1400,3529
2018.06.15 09:44,71580.00000,71585.00000,71505.00000,71535.00000,2385,5908
2018.06.15 09:45,71530.00000,71550.00000,71470.00000,71550.00000,3284,8448
2018.06.15 09:46,71550.00000,71565.00000,71490.00000,71495.00000,1876,4811
2018.06.15 09:47,71500.00000,71520.00000,71460.00000,71480.00000,1600,3823
2018.06.15 09:48,71480.00000,71500.00000,71375.00000,71395.00000,2507,6713
2018.06.15 09:49,71395.00000,71445.00000,71350.00000,71420.00000,3373,8754
2018.06.15 09:50,71425.00000,71505.00000,71420.00000,71500.00000,2733,6334
2018.06.15 09:51,71505.00000,71530.00000,71470.00000,71505.00000,1850,5251
2018.06.15 09:52,71500.00000,71510.00000,71435.00000,71460.00000,1634,4280
2018.06.15 09:53,71460.00000,71470.00000,71410.00000,71465.00000,1309,3193
2018.06.15 09:54,71465.00000,71545.00000,71455.00000,71530.00000,1695,4639
2018.06.15 09:55,71530.00000,71535.00000,71455.00000,71525.00000,1594,3869
2018.06.15 09:56,71525.00000,71615.00000,71505.00000,71550.00000,2542,6839
2018.06.15 09:57,71550.00000,71575.00000,71525.00000,71555.00000,1038,2574
2018.06.15 09:58,71560.00000,71640.00000,71555.00000,71635.00000,1467,4103
2018.06.15 09:59,71630.00000,71650.00000,71575.00000,71585.00000,1818,5373
2018.06.15 10:00,71580.00000,71800.00000,71580.00000,71780.00000,4710,13010
2018.06.15 10:01,71780.00000,71895.00000,71775.00000,71870.00000,4077,10835
2018.06.15 10:02,71870.00000,71875.00000,71815.00000,71835.00000,2097,5100
2018.06.15 10:03,71835.00000,71915.00000,71770.00000,71785.00000,4223,10565
2018.06.15 10:04,71790.00000,71840.00000,71735.00000,71760.00000,2934,6895
2018.06.15 10:05,71760.00000,71820.00000,71745.00000,71760.00000,1806,4567
2018.06.15 10:06,71765.00000,71835.00000,71760.00000,71810.00000,1676,4488
2018.06.15 10:07,71810.00000,71840.00000,71700.00000,71745.00000,3018,7462
2018.06.15 10:08,71745.00000,71795.00000,71710.00000,71720.00000,1567,3810
2018.06.15 10:09,71725.00000,71730.00000,71650.00000,71675.00000,2740,7289
2018.06.15 10:10,71680.00000,71690.00000,71470.00000,71490.00000,4944,12164
2018.06.15 10:11,71495.00000,71580.00000,71480.00000,71535.00000,3911,10215
2018.06.15 10:12,71535.00000,71585.00000,71520.00000,71540.00000,1622,4226
2018.06.15 10:13,71550.00000,71585.00000,71530.00000,71580.00000,1130,2950
2018.06.15 10:14,71580.00000,71610.00000,71475.00000,71515.00000,2376,6203
2018.06.15 10:15,71510.00000,71635.00000,71510.00000,71615.00000,2562,7239
2018.06.15 10:16,71610.00000,71670.00000,71555.00000,71600.00000,2517,6631
2018.06.15 10:17,71595.00000,71650.00000,71530.00000,71560.00000,1994,5150
2018.06.15 10:18,71555.00000,71615.00000,71540.00000,71595.00000,1373,3627
2018.06.15 10:19,71595.00000,71630.00000,71545.00000,71585.00000,1301,3601
2018.06.15 10:20,71585.00000,71615.00000,71405.00000,71475.00000,6524,17305
2018.06.15 10:21,71475.00000,71545.00000,71455.00000,71510.00000,2462,6096
2018.06.15 10:22,71510.00000,71560.00000,71480.00000,71535.00000,1948,5089
2018.06.15 10:23,71535.00000,71550.00000,71495.00000,71540.00000,1476,3510
2018.06.15 10:24,71545.00000,71570.00000,71495.00000,71520.00000,1715,4743
2018.06.15 10:25,71515.00000,71765.00000,71485.00000,71760.00000,6191,15097
2018.06.15 10:26,71755.00000,71850.00000,71745.00000,71775.00000,4787,12013
2018.06.15 10:27,71775.00000,71840.00000,71760.00000,71790.00000,1842,4754
2018.06.15 10:28,71790.00000,71850.00000,71725.00000,71805.00000,3523,9129
2018.06.15 10:29,71805.00000,71825.00000,71755.00000,71770.00000,1397,3411
2018.06.15 10:30,71770.00000,71775.00000,71665.00000,71675.00000,4714,12269
2018.06.15 10:31,71680.00000,71770.00000,71610.00000,71660.00000,4071,12151
2018.06.15 10:32,71665.00000,71675.00000,71530.00000,71550.00000,3528,9601
2018.06.15 10:33,71550.00000,71640.00000,71530.00000,71620.00000,2321,6720
2018.06.15 10:34,71620.00000,71670.00000,71485.00000,71495.00000,4075,11629
2018.06.15 10:35,71495.00000,71590.00000,71470.00000,71570.00000,3710,10220
2018.06.15 10:36,71575.00000,71630.00000,71430.00000,71570.00000,5396,15376
2018.06.15 10:37,71570.00000,71690.00000,71545.00000,71640.00000,3523,10845
2018.06.15 10:38,71645.00000,71730.00000,71640.00000,71670.00000,3432,9146
2018.06.15 10:39,71675.00000,71705.00000,71590.00000,71640.00000,3046,8271
2018.06.15 10:40,71635.00000,71670.00000,71550.00000,71560.00000,2560,6936
2018.06.15 10:41,71565.00000,71625.00000,71505.00000,71575.00000,2882,7739
2018.06.15 10:42,71570.00000,71600.00000,71525.00000,71560.00000,1639,4155
2018.06.15 10:43,71565.00000,71645.00000,71535.00000,71570.00000,1625,4512
2018.06.15 10:44,71575.00000,71645.00000,71550.00000,71595.00000,1556,4531
2018.06.15 10:45,71600.00000,71650.00000,71525.00000,71635.00000,2278,6113
2018.06.15 10:46,71640.00000,71690.00000,71595.00000,71635.00000,2263,6715
2018.06.15 10:47,71645.00000,71745.00000,71640.00000,71720.00000,2730,7136
2018.06.15 10:48,71720.00000,71740.00000,71675.00000,71725.00000,1591,4345
2018.06.15 10:49,71730.00000,71795.00000,71715.00000,71790.00000,2715,7624
2018.06.15 10:50,71795.00000,71820.00000,71730.00000,71745.00000,2454,6968
2018.06.15 10:51,71745.00000,71795.00000,71720.00000,71735.00000,1643,4344
2018.06.15 10:52,71740.00000,71765.00000,71680.00000,71695.00000,2463,6931
2018.06.15 10:53,71695.00000,71730.00000,71660.00000,71675.00000,1962,5440
2018.06.15 10:54,71675.00000,71685.00000,71625.00000,71640.00000,2025,5178
2018.06.15 10:55,71645.00000,71740.00000,71645.00000,71695.00000,2167,5897
2018.06.15 10:56,71690.00000,71690.00000,71575.00000,71595.00000,2278,7236
2018.06.15 10:57,71600.00000,71640.00000,71560.00000,71610.00000,1428,3975
2018.06.15 10:58,71610.00000,71630.00000,71570.00000,71600.00000,1060,3173
2018.06.15 10:59,71600.00000,71615.00000,71515.00000,71525.00000,1410,4013
2018.06.15 11:00,71525.00000,71550.00000,71435.00000,71460.00000,3013,9295
2018.06.15 11:01,71460.00000,71490.00000,71400.00000,71450.00000,2845,8856
2018.06.15 11:02,71450.00000,71480.00000,71375.00000,71455.00000,3113,8526
2018.06.15 11:03,71455.00000,71565.00000,71290.00000,71300.00000,7666,23490
2018.06.15 11:04,71305.00000,71345.00000,71215.00000,71300.00000,5699,15480
2018.06.15 11:05,71300.00000,71320.00000,71150.00000,71265.00000,4945,13704
2018.06.15 11:06,71270.00000,71295.00000,71200.00000,71215.00000,2300,6935
2018.06.15 11:07,71215.00000,71235.00000,71110.00000,71125.00000,3712,10255
2018.06.15 11:08,71125.00000,71280.00000,71095.00000,71240.00000,4785,12373
2018.06.15 11:09,71240.00000,71280.00000,71180.00000,71230.00000,2415,7015
2018.06.15 11:10,71235.00000,71235.00000,71150.00000,71160.00000,1819,5082
2018.06.15 11:11,71165.00000,71185.00000,71100.00000,71130.00000,2230,6086
2018.06.15 11:12,71130.00000,71210.00000,71115.00000,71165.00000,2335,7103
2018.06.15 11:13,71165.00000,71230.00000,71115.00000,71155.00000,2298,6922
2018.06.15 11:14,71160.00000,71165.00000,71065.00000,71105.00000,3205,10552
2018.06.15 11:15,71105.00000,71225.00000,71085.00000,71170.00000,3254,9367
2018.06.15 11:16,71170.00000,71200.00000,71145.00000,71180.00000,1110,2762
2018.06.15 11:17,71180.00000,71265.00000,71165.00000,71185.00000,2895,7722
2018.06.15 11:18,71180.00000,71250.00000,71175.00000,71240.00000,1260,3259
2018.06.15 11:19,71245.00000,71265.00000,71195.00000,71240.00000,1478,4352
2018.06.15 11:20,71245.00000,71295.00000,71225.00000,71230.00000,1738,4683
2018.06.15 11:21,71230.00000,71255.00000,71160.00000,71215.00000,2352,6121
2018.06.15 11:22,71210.00000,71275.00000,71210.00000,71230.00000,1082,2978
2018.06.15 11:23,71235.00000,71290.00000,71205.00000,71235.00000,1253,3229
2018.06.15 11:24,71240.00000,71240.00000,71185.00000,71215.00000,1429,4300
2018.06.15 11:25,71220.00000,71280.00000,71195.00000,71200.00000,1544,4154
2018.06.15 11:26,71205.00000,71275.00000,71200.00000,71270.00000,1094,2875
2018.06.15 11:27,71270.00000,71315.00000,71270.00000,71305.00000,1996,5559
2018.06.15 11:28,71305.00000,71340.00000,71285.00000,71325.00000,1395,3764
2018.06.15 11:29,71330.00000,71375.00000,71285.00000,71300.00000,2119,6006
2018.06.15 11:30,71305.00000,71345.00000,71285.00000,71335.00000,1201,3039
2018.06.15 11:31,71340.00000,71340.00000,71230.00000,71240.00000,2021,5919
2018.06.15 11:32,71240.00000,71260.00000,71180.00000,71190.00000,2595,7188
2018.06.15 11:33,71185.00000,71275.00000,71175.00000,71210.00000,1889,6078
2018.06.15 11:34,71210.00000,71230.00000,71160.00000,71205.00000,1706,4767
2018.06.15 11:35,71200.00000,71210.00000,71120.00000,71170.00000,2118,6147
2018.06.15 11:36,71170.00000,71205.00000,71150.00000,71185.00000,1182,3501
2018.06.15 11:37,71185.00000,71230.00000,71155.00000,71175.00000,1278,3449
2018.06.15 11:38,71175.00000,71230.00000,71120.00000,71145.00000,1781,4708
2018.06.15 11:39,71150.00000,71225.00000,71130.00000,71180.00000,1586,4648
2018.06.15 11:40,71180.00000,71195.00000,71095.00000,71135.00000,2027,6034
2018.06.15 11:41,71135.00000,71215.00000,71120.00000,71180.00000,1591,4121
2018.06.15 11:42,71185.00000,71200.00000,71070.00000,71110.00000,2202,6942
2018.06.15 11:43,71110.00000,71130.00000,71080.00000,71115.00000,1375,4054
2018.06.15 11:44,71115.00000,71135.00000,71080.00000,71130.00000,989,3092
2018.06.15 11:45,71130.00000,71165.00000,71110.00000,71150.00000,1113,3674
2018.06.15 11:46,71150.00000,71175.00000,71125.00000,71165.00000,794,2629
2018.06.15 11:47,71160.00000,71240.00000,71155.00000,71220.00000,2059,5762
2018.06.15 11:48,71215.00000,71230.00000,71175.00000,71190.00000,945,2653
2018.06.15 11:49,71190.00000,71250.00000,71165.00000,71235.00000,1307,3541
2018.06.15 11:50,71240.00000,71275.00000,71180.00000,71200.00000,1378,4107
2018.06.15 11:51,71195.00000,71200.00000,71140.00000,71145.00000,1584,4842
2018.06.15 11:52,71155.00000,71165.00000,71115.00000,71150.00000,1358,4213
2018.06.15 11:53,71150.00000,71160.00000,71100.00000,71125.00000,1048,3064
2018.06.15 11:54,71130.00000,71160.00000,71080.00000,71080.00000,1290,3868
2018.06.15 11:55,71080.00000,71140.00000,71055.00000,71110.00000,2481,7997
2018.06.15 11:56,71110.00000,71200.00000,71110.00000,71200.00000,1773,5089
2018.06.15 11:57,71195.00000,71220.00000,71120.00000,71135.00000,1701,4794
2018.06.15 11:58,71135.00000,71185.00000,71110.00000,71155.00000,1304,3999
2018.06.15 11:59,71155.00000,71195.00000,71130.00000,71170.00000,983,2829
2018.06.15 12:00,71170.00000,71200.00000,71080.00000,71085.00000,1433,4072
2018.06.15 12:01,71080.00000,71090.00000,70980.00000,71020.00000,4137,13113
2018.06.15 12:02,71015.00000,71100.00000,71005.00000,71095.00000,1826,6184
2018.06.15 12:03,71100.00000,71150.00000,71070.00000,71135.00000,1692,4750
2018.06.15 12:04,71130.00000,71140.00000,71040.00000,71080.00000,1402,4314
2018.06.15 12:05,71080.00000,71155.00000,71080.00000,71110.00000,1347,3965
2018.06.15 12:06,71110.00000,71120.00000,71050.00000,71080.00000,1334,3840
2018.06.15 12:07,71080.00000,71140.00000,71075.00000,71120.00000,821,2619
2018.06.15 12:08,71120.00000,71145.00000,71065.00000,71115.00000,967,2836
2018.06.15 12:09,71120.00000,71250.00000,71115.00000,71235.00000,2769,8126
2018.06.15 12:10,71240.00000,71330.00000,71190.00000,71330.00000,2997,9312
2018.06.15 12:11,71325.00000,71365.00000,71285.00000,71300.00000,2571,8786
2018.06.15 12:12,71295.00000,71335.00000,71270.00000,71285.00000,1211,3920
2018.06.15 12:13,71290.00000,71330.00000,71265.00000,71305.00000,1018,4848
2018.06.15 12:14,71305.00000,71390.00000,71295.00000,71330.00000,2269,9574
2018.06.15 12:15,71335.00000,71355.00000,71310.00000,71350.00000,1020,3330
2018.06.15 12:16,71345.00000,71385.00000,71280.00000,71290.00000,2219,6552
2018.06.15 12:17,71285.00000,71290.00000,71220.00000,71235.00000,1818,7081
2018.06.15 12:18,71230.00000,71245.00000,71165.00000,71190.00000,1476,6454
2018.06.15 12:19,71190.00000,71205.00000,71130.00000,71140.00000,1224,3811
2018.06.15 12:20,71140.00000,71235.00000,71125.00000,71230.00000,1586,4626
2018.06.15 12:21,71230.00000,71275.00000,71200.00000,71230.00000,2027,6387
2018.06.15 12:22,71230.00000,71230.00000,71160.00000,71185.00000,1232,3340
2018.06.15 12:23,71185.00000,71205.00000,71150.00000,71200.00000,912,2960
2018.06.15 12:24,71205.00000,71275.00000,71195.00000,71255.00000,1396,3971
2018.06.15 12:25,71255.00000,71265.00000,71115.00000,71135.00000,1879,5630
2018.06.15 12:26,71140.00000,71160.00000,71100.00000,71120.00000,1106,3696
2018.06.15 12:27,71125.00000,71200.00000,71115.00000,71195.00000,982,3255
2018.06.15 12:28,71195.00000,71255.00000,71170.00000,71245.00000,1077,3073
2018.06.15 12:29,71240.00000,71260.00000,71205.00000,71205.00000,868,2369
2018.06.15 12:30,71215.00000,71250.00000,71210.00000,71240.00000,532,1556
2018.06.15 12:31,71240.00000,71250.00000,71160.00000,71200.00000,1166,3681
2018.06.15 12:32,71200.00000,71200.00000,71130.00000,71160.00000,910,2454
2018.06.15 12:33,71160.00000,71160.00000,71110.00000,71145.00000,802,2119
2018.06.15 12:34,71145.00000,71195.00000,71105.00000,71175.00000,1002,2822
2018.06.15 12:35,71175.00000,71240.00000,71170.00000,71170.00000,1132,3656
2018.06.15 12:36,71175.00000,71180.00000,71150.00000,71160.00000,787,2015
2018.06.15 12:37,71160.00000,71175.00000,71130.00000,71145.00000,652,1803
2018.06.15 12:38,71145.00000,71160.00000,71080.00000,71100.00000,1288,3744
2018.06.15 12:39,71100.00000,71125.00000,71085.00000,71105.00000,567,1695
2018.06.15 12:40,71110.00000,71140.00000,71085.00000,71130.00000,914,2829
2018.06.15 12:41,71125.00000,71175.00000,71120.00000,71155.00000,1055,2693
2018.06.15 12:42,71155.00000,71155.00000,71060.00000,71080.00000,1493,4830
2018.06.15 12:43,71075.00000,71085.00000,70925.00000,70940.00000,4079,13753
2018.06.15 12:44,70935.00000,70950.00000,70895.00000,70935.00000,1564,5088
2018.06.15 12:45,70940.00000,70975.00000,70915.00000,70930.00000,1240,4431
2018.06.15 12:46,70925.00000,70935.00000,70825.00000,70840.00000,2382,8652
2018.06.15 12:47,70845.00000,70850.00000,70770.00000,70780.00000,1958,6614
2018.06.15 12:48,70780.00000,70845.00000,70770.00000,70815.00000,1580,5245
2018.06.15 12:49,70815.00000,70825.00000,70750.00000,70770.00000,1608,5380
2018.06.15 12:50,70765.00000,70860.00000,70760.00000,70790.00000,2056,5712
2018.06.15 12:51,70790.00000,70815.00000,70730.00000,70740.00000,1729,6160\00
